date,department_id,doctors_scheduled,doctors_present,nurses_scheduled,nurses_present,support_staff_scheduled,support_staff_present
2020-01-01,1,17,13,46,43,12,12
2020-01-02,2,12,10,40,35,16,16
2020-01-03,3,17,17,44,37,16,15
2020-01-04,4,16,15,36,29,18,15
2020-01-05,5,18,15,35,35,10,8
2020-01-06,6,18,14,35,35,38,33
2020-01-07,7,12,12,16,13,40,36
2020-01-08,8,18,17,20,18,30,27
2020-01-09,9,18,14,18,14,27,21
2020-01-10,10,9,8,21,18,37,33
2020-01-11,11,16,13,21,16,24,24
2020-01-12,12,16,13,37,29,23,22
2020-01-13,13,10,10,49,39,16,13
2020-01-14,14,5,5,16,12,19,18
2020-01-15,15,9,7,29,27,24,19
2020-01-16,16,17,17,25,22,11,10
2020-01-17,17,10,9,29,27,27,23
2020-01-18,18,10,9,25,23,13,11
2020-01-19,19,16,12,24,19,36,33
2020-01-20,20,19,16,24,22,40,37
2020-01-21,21,16,16,16,15,30,27
2020-01-22,22,8,8,27,27,25,22
2020-01-23,23,14,11,19,16,28,27
2020-01-24,24,10,8,49,43,14,12
2020-01-25,25,5,4,26,23,30,29
2020-01-26,26,12,12,22,22,38,33
2020-01-27,27,20,16,27,25,23,19
2020-01-28,28,6,4,43,43,26,25
2020-01-29,29,7,5,20,20,14,11
2020-01-30,30,11,10,21,17,28,24
2020-01-31,31,14,13,34,27,27,21
2020-02-01,32,8,8,27,26,20,18
2020-02-02,33,18,15,48,40,21,18
2020-02-03,34,19,15,49,46,13,10
2020-02-04,35,19,19,43,38,11,11
2020-02-05,36,10,10,21,18,30,24
2020-02-06,37,10,8,39,37,35,32
2020-02-07,38,9,9,39,39,25,25
2020-02-08,39,19,18,40,33,19,18
2020-02-09,40,9,8,47,44,21,17
2020-02-10,41,16,14,36,31,40,35
2020-02-11,42,19,19,44,37,36,34
2020-02-12,43,16,12,18,18,12,9
2020-02-13,44,13,12,29,25,33,31
2020-02-14,45,6,6,40,40,19,19
2020-02-15,46,15,13,24,23,16,14
2020-02-16,47,18,14,25,23,23,19
2020-02-17,48,11,9,31,26,38,33
2020-02-18,49,14,13,33,29,11,11
2020-02-19,50,9,9,39,37,29,28
2020-02-20,1,10,8,45,44,26,23
2020-02-21,2,11,9,32,28,10,9
2020-02-22,3,14,12,38,35,25,25
2020-02-23,4,7,5,28,22,29,29
2020-02-24,5,13,10,18,14,34,31
2020-02-25,6,7,6,48,41,13,10
2020-02-26,7,8,8,31,28,25,20
2020-02-27,8,13,10,34,28,23,22
2020-02-28,9,10,9,40,34,30,28
2020-02-29,10,19,17,35,30,17,17
2020-03-01,11,12,9,32,31,18,14
2020-03-02,12,7,7,37,29,16,13
2020-03-03,13,18,14,46,43,33,32
2020-03-04,14,7,7,49,42,27,24
2020-03-05,15,17,15,46,37,32,27
2020-03-06,16,7,5,31,28,38,38
2020-03-07,17,19,17,30,24,27,24
2020-03-08,18,15,15,24,24,17,13
2020-03-09,19,18,14,32,32,13,10
2020-03-10,20,18,15,29,23,11,11
2020-03-11,21,19,16,34,31,33,33
2020-03-12,22,12,10,38,30,10,10
2020-03-13,23,8,7,28,27,10,8
2020-03-14,24,18,17,15,14,19,15
2020-03-15,25,7,7,42,38,11,11
2020-03-16,26,5,4,16,13,28,25
2020-03-17,27,9,7,44,43,19,18
2020-03-18,28,6,5,45,42,40,36
2020-03-19,29,6,5,33,31,30,25
2020-03-20,30,6,4,44,35,36,33
2020-03-21,31,17,16,25,24,20,19
2020-03-22,32,17,15,42,37,14,13
2020-03-23,33,13,11,45,41,22,20
2020-03-24,34,5,5,36,34,40,35
2020-03-25,35,18,17,50,48,25,20
2020-03-26,36,11,11,28,26,23,23
2020-03-27,37,16,16,46,43,36,34
2020-03-28,38,13,13,47,46,12,9
2020-03-29,39,11,11,18,16,12,12
2020-03-30,40,20,16,20,17,37,32
2020-03-31,41,14,13,18,15,13,12
2020-04-01,42,11,10,23,19,37,31
2020-04-02,43,20,17,19,18,13,12
2020-04-03,44,9,8,17,14,18,17
2020-04-04,45,20,16,26,25,20,19
2020-04-05,46,7,6,33,31,21,18
2020-04-06,47,7,5,37,34,37,29
2020-04-07,48,7,6,35,30,13,10
2020-04-08,49,10,9,35,34,16,16
2020-04-09,50,7,5,47,39,32,32
2020-04-10,1,16,12,31,29,37,35
2020-04-11,2,10,9,23,22,19,15
2020-04-12,3,14,13,22,19,26,25
2020-04-13,4,12,9,27,21,34,34
2020-04-14,5,14,12,23,21,15,15
2020-04-15,6,13,11,45,40,21,16
2020-04-16,7,17,16,45,43,39,35
2020-04-17,8,13,11,46,38,11,10
2020-04-18,9,11,10,40,32,29,23
2020-04-19,10,7,6,28,26,16,14
2020-04-20,11,6,4,27,22,22,20
2020-04-21,12,11,11,38,38,26,22
2020-04-22,13,5,4,42,39,17,17
2020-04-23,14,14,14,25,20,39,31
2020-04-24,15,20,17,44,42,33,29
2020-04-25,16,14,13,36,28,12,11
2020-04-26,17,9,9,36,33,40,34
2020-04-27,18,15,15,42,40,11,10
2020-04-28,19,18,14,16,16,29,24
2020-04-29,20,11,11,21,19,22,19
2020-04-30,21,8,7,49,43,15,13
2020-05-01,22,20,17,26,22,36,32
2020-05-02,23,13,10,50,43,30,26
2020-05-03,24,16,13,18,17,14,14
2020-05-04,25,10,9,27,23,26,23
2020-05-05,26,8,8,33,30,36,28
2020-05-06,27,11,8,40,38,40,35
2020-05-07,28,14,12,18,18,21,19
2020-05-08,29,8,6,47,43,23,22
2020-05-09,30,9,9,17,16,34,32
2020-05-10,31,15,14,21,16,23,23
2020-05-11,32,12,11,49,48,35,34
2020-05-12,33,9,7,43,42,26,21
2020-05-13,34,8,7,16,12,40,37
2020-05-14,35,7,6,40,36,32,31
2020-05-15,36,7,5,42,39,35,33
2020-05-16,37,11,9,19,18,32,26
2020-05-17,38,6,6,49,48,39,34
2020-05-18,39,20,20,47,43,12,12
2020-05-19,40,18,16,44,36,36,29
2020-05-20,41,10,10,32,30,28,24
2020-05-21,42,20,16,16,14,24,19
2020-05-22,43,16,16,46,41,14,11
2020-05-23,44,17,15,48,46,37,36
2020-05-24,45,17,14,28,26,35,28
2020-05-25,46,9,7,15,14,25,25
2020-05-26,47,9,7,44,42,21,20
2020-05-27,48,18,15,17,14,18,16
2020-05-28,49,6,6,38,32,38,34
2020-05-29,50,5,5,17,16,15,13
2020-05-30,1,5,5,29,25,38,31
2020-05-31,2,6,4,39,33,17,16
2020-06-01,3,18,15,40,40,22,17
2020-06-02,4,19,18,44,39,38,38
2020-06-03,5,19,15,35,35,39,34
2020-06-04,6,8,7,47,39,36,28
2020-06-05,7,19,19,43,37,38,30
2020-06-06,8,14,14,42,33,38,38
2020-06-07,9,15,13,17,15,26,26
2020-06-08,10,10,8,39,33,38,31
2020-06-09,11,7,7,23,20,40,34
2020-06-10,12,14,13,19,15,11,9
2020-06-11,13,12,10,29,26,16,15
2020-06-12,14,12,12,20,20,33,26
2020-06-13,15,20,19,22,17,15,14
2020-06-14,16,5,4,18,18,13,13
2020-06-15,17,17,14,44,40,37,37
2020-06-16,18,7,5,28,25,21,20
2020-06-17,19,7,5,50,50,23,22
2020-06-18,20,5,5,19,19,40,39
2020-06-19,21,16,16,39,37,19,15
2020-06-20,22,17,14,19,16,23,19
2020-06-21,23,6,4,47,44,14,12
2020-06-22,24,10,8,43,37,13,13
2020-06-23,25,12,12,34,32,34,33
2020-06-24,26,18,14,48,47,25,21
2020-06-25,27,5,4,20,18,23,23
2020-06-26,28,7,7,36,30,13,13
2020-06-27,29,20,19,22,19,15,13
2020-06-28,30,6,4,21,17,30,27
2020-06-29,31,8,6,26,26,36,33
2020-06-30,32,10,8,25,22,30,28
2020-07-01,33,9,9,42,37,13,12
2020-07-02,34,20,16,22,22,24,24
2020-07-03,35,5,4,31,27,25,24
2020-07-04,36,18,14,43,38,12,10
2020-07-05,37,16,16,44,36,35,33
2020-07-06,38,12,10,24,23,37,36
2020-07-07,39,17,17,48,45,18,16
2020-07-08,40,13,11,30,29,37,37
2020-07-09,41,19,19,45,42,37,35
2020-07-10,42,15,12,42,39,33,32
2020-07-11,43,18,16,26,26,18,17
2020-07-12,44,14,13,28,23,31,27
2020-07-13,45,20,20,48,41,10,10
2020-07-14,46,12,11,20,19,39,37
2020-07-15,47,20,18,30,29,35,35
2020-07-16,48,11,10,23,19,14,14
2020-07-17,49,8,8,33,26,31,28
2020-07-18,50,13,11,16,16,15,13
2020-07-19,1,6,6,41,34,35,34
2020-07-20,2,8,7,41,39,37,32
2020-07-21,3,15,12,28,24,10,8
2020-07-22,4,11,9,19,19,35,30
2020-07-23,5,6,5,28,23,13,12
2020-07-24,6,16,12,28,28,15,14
2020-07-25,7,14,14,24,23,33,28
2020-07-26,8,6,4,47,39,36,36
2020-07-27,9,9,8,19,15,39,31
2020-07-28,10,18,15,49,48,30,25
2020-07-29,11,13,11,35,31,17,16
2020-07-30,12,11,8,24,22,14,11
2020-07-31,13,7,6,29,29,37,29
2020-08-01,14,11,10,15,15,11,9
2020-08-02,15,8,7,24,22,30,29
2020-08-03,16,16,16,37,30,37,35
2020-08-04,17,5,5,47,46,36,28
2020-08-05,18,13,12,33,33,13,12
2020-08-06,19,10,10,23,23,36,35
2020-08-07,20,8,8,23,20,24,21
2020-08-08,21,18,17,39,32,14,12
2020-08-09,22,9,9,42,41,20,16
2020-08-10,23,20,20,30,24,26,21
2020-08-11,24,19,15,19,19,26,23
2020-08-12,25,5,5,22,20,17,14
2020-08-13,26,15,12,47,40,35,31
2020-08-14,27,7,5,46,38,32,25
2020-08-15,28,15,13,23,20,13,10
2020-08-16,29,15,15,30,26,31,24
2020-08-17,30,7,7,43,41,24,23
2020-08-18,31,12,11,50,47,15,12
2020-08-19,32,15,15,32,32,37,30
2020-08-20,33,12,11,26,24,30,26
2020-08-21,34,6,5,23,21,32,30
2020-08-22,35,18,18,42,42,18,15
2020-08-23,36,18,17,35,31,31,30
2020-08-24,37,14,12,50,45,39,33
2020-08-25,38,13,10,17,17,31,30
2020-08-26,39,7,7,15,14,13,13
2020-08-27,40,18,16,22,21,19,18
2020-08-28,41,9,7,49,43,28,28
2020-08-29,42,14,13,48,38,23,20
2020-08-30,43,20,17,24,21,34,30
2020-08-31,44,10,9,26,25,25,21
2020-09-01,45,14,13,46,40,35,28
2020-09-02,46,8,6,18,17,38,38
2020-09-03,47,10,10,15,13,34,28
2020-09-04,48,9,8,22,21,13,12
2020-09-05,49,17,14,29,26,17,15
2020-09-06,50,12,9,26,23,12,12
2020-09-07,1,12,12,48,45,36,32
2020-09-08,2,6,5,26,20,33,33
2020-09-09,3,8,7,44,40,14,11
2020-09-10,4,19,19,33,32,21,18
2020-09-11,5,11,8,47,42,24,21
2020-09-12,6,5,5,50,44,38,35
2020-09-13,7,12,12,36,31,20,16
2020-09-14,8,13,11,29,27,32,26
2020-09-15,9,7,6,33,27,17,15
2020-09-16,10,19,15,20,20,13,13
2020-09-17,11,7,7,39,38,40,34
2020-09-18,12,20,17,15,13,34,34
2020-09-19,13,17,14,31,30,18,16
2020-09-20,14,13,12,18,17,16,12
2020-09-21,15,15,13,27,26,19,17
2020-09-22,16,11,10,25,22,26,21
2020-09-23,17,20,20,44,42,39,34
2020-09-24,18,12,10,19,18,21,16
2020-09-25,19,12,11,40,38,39,32
2020-09-26,20,20,18,23,21,25,25
2020-09-27,21,9,9,22,17,27,23
2020-09-28,22,9,8,42,40,17,15
2020-09-29,23,19,19,43,34,37,32
2020-09-30,24,10,8,28,25,12,11
2020-10-01,25,5,4,46,40,13,10
2020-10-02,26,13,12,18,16,23,21
2020-10-03,27,18,16,21,16,28,25
2020-10-04,28,12,12,50,45,17,15
2020-10-05,29,11,8,29,24,34,34
2020-10-06,30,12,12,36,32,18,15
2020-10-07,31,15,13,19,19,22,19
2020-10-08,32,17,16,27,23,28,28
2020-10-09,33,7,6,30,26,37,29
2020-10-10,34,13,12,18,16,35,35
2020-10-11,35,17,16,19,15,18,18
2020-10-12,36,20,18,18,14,24,20
2020-10-13,37,12,10,17,14,30,27
2020-10-14,38,20,16,46,42,11,9
2020-10-15,39,19,19,46,43,19,16
2020-10-16,40,18,18,26,24,18,17
2020-10-17,41,7,5,23,20,24,19
2020-10-18,42,16,13,48,46,28,28
2020-10-19,43,13,11,39,35,18,18
2020-10-20,44,11,9,29,26,37,35
2020-10-21,45,11,8,46,43,14,13
2020-10-22,46,14,12,21,20,36,31
2020-10-23,47,19,16,20,17,19,16
2020-10-24,48,18,18,34,30,17,16
2020-10-25,49,15,12,17,14,35,34
2020-10-26,50,16,12,45,36,35,34
2020-10-27,1,14,13,35,29,34,28
2020-10-28,2,9,9,17,14,33,30
2020-10-29,3,20,16,25,21,19,16
2020-10-30,4,10,8,33,32,25,24
2020-10-31,5,19,17,35,30,15,12
2020-11-01,6,12,9,37,31,25,24
2020-11-02,7,15,15,29,28,28,23
2020-11-03,8,10,10,28,26,30,27
2020-11-04,9,9,9,33,31,17,15
2020-11-05,10,12,10,15,15,23,18
2020-11-06,11,5,5,42,40,20,19
2020-11-07,12,9,8,35,33,36,29
2020-11-08,13,10,9,36,36,28,23
2020-11-09,14,18,14,42,36,13,13
2020-11-10,15,19,15,38,31,15,14
2020-11-11,16,5,5,50,48,28,24
2020-11-12,17,14,13,34,31,33,27
2020-11-13,18,12,10,15,13,31,26
2020-11-14,19,18,14,35,28,36,32
2020-11-15,20,5,5,22,21,17,14
2020-11-16,21,19,18,25,21,20,19
2020-11-17,22,11,10,41,33,16,13
2020-11-18,23,14,12,20,17,37,31
2020-11-19,24,11,10,44,40,20,18
2020-11-20,25,14,13,43,41,33,32
2020-11-21,26,13,10,25,25,36,30
2020-11-22,27,15,12,43,36,37,33
2020-11-23,28,12,10,22,22,20,16
2020-11-24,29,15,15,26,21,38,31
2020-11-25,30,6,5,35,33,35,31
2020-11-26,31,19,18,50,43,19,15
2020-11-27,32,12,10,45,41,14,13
2020-11-28,33,8,6,49,43,23,20
2020-11-29,34,19,15,25,24,11,10
2020-11-30,35,14,12,18,14,28,28
2020-12-01,36,10,9,19,19,23,19
2020-12-02,37,19,16,41,32,31,30
2020-12-03,38,20,19,47,39,11,9
2020-12-04,39,11,11,27,27,27,27
2020-12-05,40,12,11,39,37,23,22
2020-12-06,41,6,4,40,33,20,16
2020-12-07,42,14,13,28,28,28,23
2020-12-08,43,18,15,38,31,24,22
2020-12-09,44,15,12,44,37,14,11
2020-12-10,45,13,11,43,35,29,25
2020-12-11,46,18,16,34,27,28,27
2020-12-12,47,6,6,31,29,31,31
2020-12-13,48,20,20,24,21,28,27
2020-12-14,49,20,20,26,23,26,26
2020-12-15,50,20,16,25,24,26,26
2020-12-16,1,7,6,39,34,36,32
2020-12-17,2,19,19,26,21,10,8
2020-12-18,3,11,9,15,14,40,39
2020-12-19,4,10,9,19,15,12,11
2020-12-20,5,20,18,45,37,25,25
2020-12-21,6,16,13,22,17,19,18
2020-12-22,7,7,7,24,23,14,14
2020-12-23,8,14,13,36,29,39,31
2020-12-24,9,17,16,27,24,23,22
2020-12-25,10,12,9,18,15,13,13
2020-12-26,11,19,16,28,23,17,14
2020-12-27,12,16,16,23,21,16,13
2020-12-28,13,8,7,28,23,23,18
2020-12-29,14,18,18,30,29,24,19
2020-12-30,15,11,9,28,26,23,22
2020-12-31,16,15,15,21,17,24,22
2021-01-01,17,8,6,15,15,40,37
2021-01-02,18,9,7,42,35,35,29
2021-01-03,19,6,6,25,20,37,37
2021-01-04,20,15,12,25,24,32,32
2021-01-05,21,11,8,40,40,26,24
2021-01-06,22,6,6,36,28,24,19
2021-01-07,23,14,12,27,25,31,27
2021-01-08,24,17,15,39,37,30,30
2021-01-09,25,8,7,22,19,21,17
2021-01-10,26,7,7,15,14,13,11
2021-01-11,27,17,14,29,27,40,38
2021-01-12,28,16,16,50,49,34,33
2021-01-13,29,8,7,23,22,20,19
2021-01-14,30,17,17,43,40,40,38
2021-01-15,31,10,10,26,21,18,15
2021-01-16,32,18,15,25,25,20,20
2021-01-17,33,13,10,38,34,30,26
2021-01-18,34,5,5,23,18,18,15
2021-01-19,35,6,6,28,23,16,12
2021-01-20,36,10,9,18,16,16,12
2021-01-21,37,13,11,26,23,39,33
2021-01-22,38,7,5,42,39,19,19
2021-01-23,39,9,8,16,12,10,8
2021-01-24,40,12,10,34,34,30,27
2021-01-25,41,17,17,23,18,19,19
2021-01-26,42,10,8,19,19,22,19
2021-01-27,43,18,14,42,38,40,33
2021-01-28,44,16,12,35,35,35,33
2021-01-29,45,17,15,37,36,35,31
2021-01-30,46,15,15,41,34,20,18
2021-01-31,47,12,11,43,42,35,34
2021-02-01,48,15,13,20,16,38,35
2021-02-02,49,13,10,49,48,23,22
2021-02-03,50,13,13,50,44,13,11
2021-02-04,1,11,9,26,23,18,15
2021-02-05,2,13,13,16,14,40,36
2021-02-06,3,19,15,16,13,34,31
2021-02-07,4,10,10,45,45,36,36
2021-02-08,5,10,8,16,16,39,39
2021-02-09,6,14,13,39,37,32,30
2021-02-10,7,6,5,30,29,27,22
2021-02-11,8,10,9,24,22,36,31
2021-02-12,9,13,12,46,40,18,14
2021-02-13,10,8,7,17,15,11,11
2021-02-14,11,17,15,16,13,36,34
2021-02-15,12,18,18,46,41,31,28
2021-02-16,13,18,16,15,14,20,18
2021-02-17,14,5,4,40,34,12,12
2021-02-18,15,12,12,43,35,32,26
2021-02-19,16,6,6,29,24,12,10
2021-02-20,17,9,9,18,15,23,18
2021-02-21,18,12,11,48,40,21,21
2021-02-22,19,20,17,26,20,40,39
2021-02-23,20,17,15,46,45,10,9
2021-02-24,21,11,8,37,32,19,18
2021-02-25,22,15,14,28,28,35,32
2021-02-26,23,5,5,15,13,14,12
2021-02-27,24,6,4,16,15,37,37
2021-02-28,25,19,16,34,28,33,29
2021-03-01,26,14,11,21,18,25,25
2021-03-02,27,15,14,21,18,40,37
2021-03-03,28,18,14,35,29,30,27
2021-03-04,29,14,12,50,42,34,32
2021-03-05,30,6,6,41,38,18,18
2021-03-06,31,12,10,42,40,27,22
2021-03-07,32,12,11,48,42,19,15
2021-03-08,33,11,8,26,22,23,21
2021-03-09,34,14,13,37,32,29,28
2021-03-10,35,14,13,50,44,29,29
2021-03-11,36,14,14,28,26,25,24
2021-03-12,37,5,4,45,41,13,10
2021-03-13,38,10,8,33,28,35,29
2021-03-14,39,16,16,24,21,20,17
2021-03-15,40,15,15,20,16,11,9
2021-03-16,41,12,12,23,21,19,16
2021-03-17,42,11,9,18,16,20,17
2021-03-18,43,14,13,49,41,25,23
2021-03-19,44,11,10,35,28,13,10
2021-03-20,45,5,5,42,42,33,30
2021-03-21,46,10,9,41,35,35,33
2021-03-22,47,20,17,18,18,29,23
2021-03-23,48,18,18,48,38,14,11
2021-03-24,49,12,10,15,15,24,24
2021-03-25,50,18,18,23,18,10,10
2021-03-26,1,13,13,32,25,18,14
2021-03-27,2,13,10,32,27,25,25
2021-03-28,3,10,9,50,42,30,24
2021-03-29,4,17,17,24,20,13,13
2021-03-30,5,17,13,49,47,34,28
2021-03-31,6,13,11,20,20,33,28
2021-04-01,7,17,13,26,25,21,16
2021-04-02,8,7,5,41,40,14,14
2021-04-03,9,8,6,34,32,19,16
2021-04-04,10,19,16,45,39,29,25
2021-04-05,11,7,5,49,48,30,29
2021-04-06,12,14,13,32,32,34,29
2021-04-07,13,5,5,31,30,14,14
2021-04-08,14,15,12,30,25,22,18
2021-04-09,15,5,4,46,42,32,32
2021-04-10,16,12,12,44,36,32,32
2021-04-11,17,8,8,25,20,31,25
2021-04-12,18,13,13,41,35,10,10
2021-04-13,19,11,8,47,39,22,19
2021-04-14,20,18,15,28,22,33,29
2021-04-15,21,7,5,21,19,38,33
2021-04-16,22,15,13,43,40,17,16
2021-04-17,23,5,5,22,21,24,23
2021-04-18,24,14,13,28,24,31,31
2021-04-19,25,6,6,31,31,21,17
2021-04-20,26,5,4,15,14,22,18
2021-04-21,27,6,6,20,16,28,27
2021-04-22,28,10,10,28,27,37,36
2021-04-23,29,19,19,32,29,36,34
2021-04-24,30,14,12,47,40,18,16
2021-04-25,31,8,8,48,48,23,20
2021-04-26,32,16,13,31,25,14,13
2021-04-27,33,13,11,28,28,26,22
2021-04-28,34,16,16,18,15,30,28
2021-04-29,35,7,6,33,28,24,21
2021-04-30,36,8,6,39,32,37,31
2021-05-01,37,7,7,34,27,28,26
2021-05-02,38,8,8,41,37,29,29
2021-05-03,39,15,13,46,46,17,15
2021-05-04,40,11,8,42,34,10,10
2021-05-05,41,12,9,33,29,25,20
2021-05-06,42,8,7,50,40,16,14
2021-05-07,43,10,10,34,29,30,30
2021-05-08,44,6,5,34,32,21,19
2021-05-09,45,13,11,35,34,13,13
2021-05-10,46,9,9,46,45,37,35
2021-05-11,47,16,12,32,31,25,24
2021-05-12,48,8,7,44,36,17,15
2021-05-13,49,20,19,38,34,25,24
2021-05-14,50,11,11,48,47,20,19
2021-05-15,1,8,6,31,24,32,26
2021-05-16,2,19,17,50,42,27,26
2021-05-17,3,13,10,30,24,13,12
2021-05-18,4,5,5,26,20,33,26
2021-05-19,5,5,4,47,37,29,25
2021-05-20,6,18,18,50,47,25,21
2021-05-21,7,16,14,49,43,37,32
2021-05-22,8,5,5,40,33,14,13
2021-05-23,9,7,6,18,15,26,25
2021-05-24,10,12,10,15,13,14,11
2021-05-25,11,11,11,15,12,35,31
2021-05-26,12,13,13,49,46,36,30
2021-05-27,13,10,8,41,36,23,20
2021-05-28,14,5,4,37,35,36,30
2021-05-29,15,14,14,16,12,15,15
2021-05-30,16,18,18,43,35,28,26
2021-05-31,17,11,8,48,38,37,35
2021-06-01,18,5,4,28,25,19,18
2021-06-02,19,20,20,38,32,26,20
2021-06-03,20,7,7,35,28,24,22
2021-06-04,21,5,5,28,22,31,25
2021-06-05,22,15,14,45,43,24,19
2021-06-06,23,10,10,15,13,40,38
2021-06-07,24,10,8,50,50,26,20
2021-06-08,25,11,10,46,45,18,17
2021-06-09,26,11,10,43,43,14,12
2021-06-10,27,12,12,35,30,40,38
2021-06-11,28,16,16,36,33,34,30
2021-06-12,29,19,15,45,39,16,13
2021-06-13,30,13,10,43,43,26,20
2021-06-14,31,14,11,22,17,29,27
2021-06-15,32,6,4,38,35,28,27
2021-06-16,33,17,15,50,42,37,32
2021-06-17,34,5,4,21,19,10,8
2021-06-18,35,15,13,36,34,35,31
2021-06-19,36,5,5,38,33,30,25
2021-06-20,37,12,12,24,21,21,16
2021-06-21,38,8,7,50,46,38,30
2021-06-22,39,18,17,45,39,35,32
2021-06-23,40,20,17,17,15,40,40
2021-06-24,41,13,10,36,33,30,25
2021-06-25,42,15,13,19,17,10,10
2021-06-26,43,14,11,37,30,15,15
2021-06-27,44,7,7,46,41,23,20
2021-06-28,45,18,15,46,43,28,22
2021-06-29,46,15,15,32,31,24,23
2021-06-30,47,20,19,45,42,23,19
2021-07-01,48,6,6,29,29,37,33
2021-07-02,49,9,8,38,31,32,28
2021-07-03,50,18,17,38,38,19,19
2021-07-04,1,11,8,19,15,26,26
2021-07-05,2,12,12,40,32,35,31
2021-07-06,3,20,19,21,16,29,26
2021-07-07,4,10,8,49,40,17,15
2021-07-08,5,5,5,22,18,26,25
2021-07-09,6,11,10,46,39,40,39
2021-07-10,7,6,4,24,20,32,26
2021-07-11,8,13,13,49,45,37,30
2021-07-12,9,15,13,30,27,24,24
2021-07-13,10,15,13,28,26,15,12
2021-07-14,11,12,9,20,16,25,20
2021-07-15,12,20,16,29,27,13,11
2021-07-16,13,12,10,43,38,32,29
2021-07-17,14,15,14,45,45,10,8
2021-07-18,15,18,17,27,26,21,20
2021-07-19,16,9,9,32,30,23,20
2021-07-20,17,9,9,36,32,38,38
2021-07-21,18,5,5,31,27,30,30
2021-07-22,19,12,10,50,47,32,25
2021-07-23,20,19,16,19,19,36,34
2021-07-24,21,17,14,49,40,33,32
2021-07-25,22,17,15,40,37,31,28
2021-07-26,23,13,12,33,28,30,24
2021-07-27,24,12,10,45,42,30,26
2021-07-28,25,14,11,17,16,11,9
2021-07-29,26,10,9,41,41,11,11
2021-07-30,27,14,13,20,17,21,18
2021-07-31,28,11,11,39,35,13,12
2021-08-01,29,16,13,44,37,40,34
2021-08-02,30,16,16,46,37,14,11
2021-08-03,31,10,9,45,37,22,18
2021-08-04,32,20,20,42,41,40,33
2021-08-05,33,8,6,17,14,13,11
2021-08-06,34,5,5,24,21,35,32
2021-08-07,35,7,7,40,34,40,37
2021-08-08,36,20,16,41,41,33,30
2021-08-09,37,11,9,47,40,39,33
2021-08-10,38,7,6,22,19,34,32
2021-08-11,39,20,19,19,17,25,22
2021-08-12,40,20,18,44,44,27,21
2021-08-13,41,14,13,41,37,16,13
2021-08-14,42,20,18,43,41,22,21
2021-08-15,43,5,5,15,15,39,34
2021-08-16,44,17,17,44,41,21,19
2021-08-17,45,6,6,49,47,22,20
2021-08-18,46,15,12,19,15,14,13
2021-08-19,47,18,14,44,39,24,21
2021-08-20,48,11,10,46,45,28,22
2021-08-21,49,19,15,48,47,34,34
2021-08-22,50,18,18,38,32,35,33
2021-08-23,1,18,15,31,31,27,26
2021-08-24,2,11,11,18,14,32,27
2021-08-25,3,6,6,21,18,40,34
2021-08-26,4,13,10,25,23,40,40
2021-08-27,5,9,8,21,20,38,32
2021-08-28,6,5,4,19,16,27,22
2021-08-29,7,11,10,21,16,38,32
2021-08-30,8,5,5,29,28,10,8
2021-08-31,9,18,16,38,38,39,36
2021-09-01,10,12,10,37,33,26,22
2021-09-02,11,8,7,38,36,26,26
2021-09-03,12,6,5,46,38,19,16
2021-09-04,13,6,5,25,22,13,10
2021-09-05,14,15,14,49,45,22,20
2021-09-06,15,17,14,33,27,15,12
2021-09-07,16,16,14,48,38,34,34
2021-09-08,17,11,8,48,46,37,32
2021-09-09,18,11,11,30,29,14,12
2021-09-10,19,14,14,49,45,22,20
2021-09-11,20,5,4,47,44,40,35
2021-09-12,21,14,14,25,22,20,18
2021-09-13,22,13,10,28,28,31,30
2021-09-14,23,11,10,30,26,24,22
2021-09-15,24,16,16,22,17,22,17
2021-09-16,25,16,15,38,35,17,13
2021-09-17,26,17,17,49,39,26,22
2021-09-18,27,16,16,47,47,18,14
2021-09-19,28,16,12,32,32,20,16
2021-09-20,29,12,9,48,42,30,25
2021-09-21,30,13,12,16,13,15,15
2021-09-22,31,19,17,37,30,23,18
2021-09-23,32,20,16,41,36,19,15
2021-09-24,33,10,10,41,34,35,30
2021-09-25,34,7,5,18,15,25,23
2021-09-26,35,19,17,16,15,33,26
2021-09-27,36,8,7,21,21,12,9
2021-09-28,37,8,7,38,32,21,17
2021-09-29,38,5,5,46,45,31,24
2021-09-30,39,12,9,47,37,40,37
2021-10-01,40,5,5,19,15,30,26
2021-10-02,41,20,18,44,44,40,35
2021-10-03,42,5,5,43,43,30,25
2021-10-04,43,16,16,45,40,40,35
2021-10-05,44,5,4,37,36,21,21
2021-10-06,45,14,11,33,27,25,22
2021-10-07,46,6,5,46,36,39,36
2021-10-08,47,5,5,20,17,24,22
2021-10-09,48,18,17,47,37,26,20
2021-10-10,49,15,13,38,31,23,19
2021-10-11,50,7,5,40,33,39,34
2021-10-12,1,5,5,32,26,25,21
2021-10-13,2,7,5,30,29,32,27
2021-10-14,3,20,17,34,27,30,25
2021-10-15,4,5,5,47,39,11,8
2021-10-16,5,16,14,35,33,27,23
2021-10-17,6,7,6,35,32,22,20
2021-10-18,7,8,8,49,43,38,30
2021-10-19,8,13,10,24,22,25,23
2021-10-20,9,12,11,35,29,16,16
2021-10-21,10,14,12,28,28,29,28
2021-10-22,11,14,11,35,35,35,33
2021-10-23,12,5,5,17,17,38,38
2021-10-24,13,13,13,46,40,25,22
2021-10-25,14,9,8,46,45,22,19
2021-10-26,15,15,15,45,43,30,24
2021-10-27,16,20,16,43,37,11,8
2021-10-28,17,5,5,17,16,25,23
2021-10-29,18,18,15,39,37,10,8
2021-10-30,19,12,11,25,20,29,27
2021-10-31,20,5,5,38,38,32,28
2021-11-01,21,15,12,33,26,12,10
2021-11-02,22,12,9,41,37,11,9
2021-11-03,23,5,5,29,23,17,17
2021-11-04,24,19,18,27,27,36,35
2021-11-05,25,19,19,35,31,16,16
2021-11-06,26,19,18,20,19,27,22
2021-11-07,27,15,15,32,27,14,11
2021-11-08,28,7,6,26,26,20,16
2021-11-09,29,20,20,21,21,30,30
2021-11-10,30,12,11,43,39,19,19
2021-11-11,31,18,18,27,22,40,36
2021-11-12,32,12,12,46,37,24,21
2021-11-13,33,12,9,44,35,18,15
2021-11-14,34,7,5,45,38,31,30
2021-11-15,35,6,5,26,25,19,16
2021-11-16,36,5,4,42,41,27,22
2021-11-17,37,16,14,22,22,21,20
2021-11-18,38,12,9,42,38,18,14
2021-11-19,39,11,11,50,46,32,26
2021-11-20,40,18,14,31,26,14,13
2021-11-21,41,11,11,41,33,36,30
2021-11-22,42,5,5,41,33,28,23
2021-11-23,43,6,6,21,18,13,11
2021-11-24,44,14,12,19,19,14,11
2021-11-25,45,10,8,34,27,36,33
2021-11-26,46,8,7,46,45,12,12
2021-11-27,47,11,9,48,45,31,25
2021-11-28,48,6,6,29,25,20,16
2021-11-29,49,12,11,25,22,29,29
2021-11-30,50,15,15,34,27,21,16
2021-12-01,1,20,16,25,25,40,36
2021-12-02,2,15,12,15,12,14,12
2021-12-03,3,7,5,46,45,25,24
2021-12-04,4,16,15,36,29,38,35
2021-12-05,5,15,14,17,13,35,33
2021-12-06,6,6,5,29,23,38,32
2021-12-07,7,14,12,48,46,16,16
2021-12-08,8,19,19,21,20,38,37
2021-12-09,9,18,16,23,18,13,10
2021-12-10,10,18,14,15,13,36,34
2021-12-11,11,8,8,45,40,32,26
2021-12-12,12,5,5,39,34,15,13
2021-12-13,13,8,8,37,37,35,31
2021-12-14,14,7,6,17,13,27,27
2021-12-15,15,15,14,39,37,16,16
2021-12-16,16,17,13,29,23,23,20
2021-12-17,17,20,18,49,44,35,35
2021-12-18,18,14,14,19,16,31,24
2021-12-19,19,11,11,42,33,23,19
2021-12-20,20,12,12,37,33,23,19
2021-12-21,21,9,7,46,38,15,13
2021-12-22,22,18,14,43,43,20,18
2021-12-23,23,17,14,35,31,13,11
2021-12-24,24,15,13,19,15,23,20
2021-12-25,25,8,6,30,26,39,39
2021-12-26,26,18,16,40,39,26,26
2021-12-27,27,13,13,33,27,17,15
2021-12-28,28,19,18,21,17,19,16
2021-12-29,29,13,12,43,37,33,30
2021-12-30,30,10,8,26,21,21,20
2021-12-31,31,15,15,30,29,19,17
2022-01-01,32,16,12,30,26,14,11
2022-01-02,33,6,6,17,16,21,17
2022-01-03,34,12,10,48,42,23,23
2022-01-04,35,11,9,49,49,14,14
2022-01-05,36,7,5,28,22,31,31
2022-01-06,37,11,8,31,29,30,26
2022-01-07,38,6,5,28,25,21,16
2022-01-08,39,20,18,17,15,40,36
2022-01-09,40,8,8,15,14,35,28
2022-01-10,41,20,18,23,19,13,10
2022-01-11,42,11,8,50,42,11,11
2022-01-12,43,14,11,31,24,32,29
2022-01-13,44,17,14,23,20,11,9
2022-01-14,45,17,17,39,35,29,28
2022-01-15,46,16,12,41,34,31,29
2022-01-16,47,10,8,48,43,36,30
2022-01-17,48,20,19,16,16,28,25
2022-01-18,49,6,5,34,31,33,27
2022-01-19,50,9,9,28,27,30,30
2022-01-20,1,8,8,24,22,10,8
2022-01-21,2,15,13,19,16,24,24
2022-01-22,3,12,9,27,25,25,24
2022-01-23,4,11,11,49,43,23,23
2022-01-24,5,9,7,21,18,17,16
2022-01-25,6,10,8,35,33,14,11
2022-01-26,7,5,4,15,14,28,23
2022-01-27,8,20,17,23,20,26,21
2022-01-28,9,6,4,24,19,33,31
2022-01-29,10,12,12,17,17,25,25
2022-01-30,11,10,8,22,21,13,13
2022-01-31,12,20,16,19,18,14,14
2022-02-01,13,10,9,25,25,17,14
2022-02-02,14,19,17,46,37,15,14
2022-02-03,15,11,11,47,37,37,36
2022-02-04,16,20,17,16,13,33,30
2022-02-05,17,14,14,49,42,37,37
2022-02-06,18,5,4,45,36,20,17
2022-02-07,19,12,10,44,35,37,35
2022-02-08,20,14,12,34,34,40,38
2022-02-09,21,15,13,38,33,26,24
2022-02-10,22,8,7,48,39,29,25
2022-02-11,23,14,14,42,35,28,27
2022-02-12,24,15,14,44,36,23,18
2022-02-13,25,19,15,40,37,29,29
2022-02-14,26,6,4,47,44,31,25
2022-02-15,27,19,15,34,29,32,25
2022-02-16,28,20,18,39,32,37,32
2022-02-17,29,19,15,42,41,17,13
2022-02-18,30,17,13,50,41,12,11
2022-02-19,31,17,16,32,27,11,10
2022-02-20,32,7,6,44,36,11,10
2022-02-21,33,16,14,31,29,20,20
2022-02-22,34,19,15,25,25,23,18
2022-02-23,35,7,5,32,28,37,32
2022-02-24,36,19,15,35,29,19,19
2022-02-25,37,20,17,42,40,26,21
2022-02-26,38,13,13,32,27,15,15
2022-02-27,39,10,10,45,37,27,25
2022-02-28,40,12,10,25,20,25,22
2022-03-01,41,11,11,22,22,14,12
2022-03-02,42,20,20,15,14,18,15
2022-03-03,43,14,11,15,12,11,9
2022-03-04,44,19,17,46,36,24,20
2022-03-05,45,6,5,18,17,22,20
2022-03-06,46,12,9,20,20,21,16
2022-03-07,47,7,6,44,38,12,12
2022-03-08,48,12,12,44,38,22,17
2022-03-09,49,19,18,30,30,11,11
2022-03-10,50,6,6,16,12,23,21
2022-03-11,1,14,13,19,18,19,16
2022-03-12,2,8,7,35,34,33,27
2022-03-13,3,14,13,46,42,35,31
2022-03-14,4,7,6,18,14,16,14
2022-03-15,5,19,16,47,39,10,9
2022-03-16,6,11,9,18,16,26,21
2022-03-17,7,7,5,16,13,24,21
2022-03-18,8,16,12,23,23,28,28
2022-03-19,9,8,7,19,17,22,19
2022-03-20,10,15,14,47,39,33,29
2022-03-21,11,15,15,36,34,22,21
2022-03-22,12,8,6,20,16,38,33
2022-03-23,13,5,4,15,14,26,22
2022-03-24,14,14,13,35,32,16,15
2022-03-25,15,17,15,16,15,32,27
2022-03-26,16,11,8,30,26,16,16
2022-03-27,17,17,16,22,19,40,40
2022-03-28,18,12,10,23,18,39,38
2022-03-29,19,7,7,28,26,20,18
2022-03-30,20,20,16,42,35,16,13
2022-03-31,21,18,15,34,34,32,27
2022-04-01,22,20,17,30,25,32,29
2022-04-02,23,11,10,47,40,21,19
2022-04-03,24,14,14,41,33,10,8
2022-04-04,25,9,8,50,43,36,28
2022-04-05,26,10,9,33,33,28,28
2022-04-06,27,10,10,35,32,10,10
2022-04-07,28,12,12,21,20,20,17
2022-04-08,29,19,18,33,31,28,25
2022-04-09,30,19,16,20,20,37,33
2022-04-10,31,11,8,41,39,30,26
2022-04-11,32,16,13,37,37,34,31
2022-04-12,33,5,4,43,42,22,18
2022-04-13,34,14,12,16,13,27,21
2022-04-14,35,5,5,39,39,40,35
2022-04-15,36,10,8,50,40,29,25
2022-04-16,37,13,13,31,26,30,29
2022-04-17,38,17,17,42,41,15,13
2022-04-18,39,17,13,44,40,16,12
2022-04-19,40,5,5,31,29,12,10
2022-04-20,41,12,11,41,41,16,15
2022-04-21,42,9,7,31,24,20,18
2022-04-22,43,14,11,17,16,12,12
2022-04-23,44,20,19,25,20,18,14
2022-04-24,45,20,16,31,24,38,33
2022-04-25,46,7,6,39,36,21,18
2022-04-26,47,20,17,35,30,23,18
2022-04-27,48,5,5,33,30,17,13
2022-04-28,49,9,9,41,36,34,28
2022-04-29,50,17,14,46,46,10,8
2022-04-30,1,16,15,49,39,11,10
2022-05-01,2,17,15,39,38,11,11
2022-05-02,3,11,8,17,13,18,16
2022-05-03,4,15,14,48,42,19,16
2022-05-04,5,10,8,18,16,21,17
2022-05-05,6,18,17,43,38,20,17
2022-05-06,7,15,13,35,28,13,10
2022-05-07,8,7,5,30,27,18,14
2022-05-08,9,19,19,25,25,39,39
2022-05-09,10,11,8,50,45,29,24
2022-05-10,11,20,19,40,39,32,31
2022-05-11,12,6,4,50,46,39,38
2022-05-12,13,15,12,17,15,31,29
2022-05-13,14,9,7,40,37,34,27
2022-05-14,15,7,6,35,31,33,31
2022-05-15,16,18,15,29,23,12,12
2022-05-16,17,19,17,19,18,40,32
2022-05-17,18,10,8,18,16,23,18
2022-05-18,19,7,5,49,43,39,33
2022-05-19,20,13,13,16,15,14,12
2022-05-20,21,11,10,32,32,32,31
2022-05-21,22,19,17,42,33,26,22
2022-05-22,23,19,16,33,30,25,24
2022-05-23,24,7,6,50,46,30,30
2022-05-24,25,11,10,23,23,29,23
2022-05-25,26,16,16,26,22,31,30
2022-05-26,27,9,9,27,27,10,9
2022-05-27,28,5,4,37,36,15,15
2022-05-28,29,14,13,48,38,32,32
2022-05-29,30,8,6,31,31,36,29
2022-05-30,31,5,5,30,27,33,32
2022-05-31,32,17,14,24,21,33,26
2022-06-01,33,20,20,16,14,36,29
2022-06-02,34,10,9,15,14,19,15
2022-06-03,35,20,18,23,18,40,34
2022-06-04,36,6,6,21,21,30,24
2022-06-05,37,6,5,20,17,28,22
2022-06-06,38,6,5,39,39,25,24
2022-06-07,39,5,5,41,36,35,30
2022-06-08,40,11,10,31,28,30,24
2022-06-09,41,15,12,17,16,21,21
2022-06-10,42,16,16,23,21,17,14
2022-06-11,43,20,20,39,38,32,32
2022-06-12,44,15,12,45,41,21,20
2022-06-13,45,13,13,18,18,38,35
2022-06-14,46,8,8,37,31,31,24
2022-06-15,47,7,5,20,17,20,16
2022-06-16,48,17,14,23,23,24,19
2022-06-17,49,19,17,23,19,34,30
2022-06-18,50,18,16,42,40,35,35
2022-06-19,1,12,12,34,28,20,16
2022-06-20,2,15,12,17,14,38,34
2022-06-21,3,17,16,43,36,24,21
2022-06-22,4,13,12,42,36,33,30
2022-06-23,5,17,13,40,37,12,10
2022-06-24,6,13,10,44,40,13,12
2022-06-25,7,5,5,16,14,24,19
2022-06-26,8,17,15,37,37,12,10
2022-06-27,9,16,12,18,14,39,36
2022-06-28,10,11,8,15,14,25,22
2022-06-29,11,17,16,37,30,31,30
2022-06-30,12,19,17,33,29,29,26
2022-07-01,13,6,4,28,26,18,15
2022-07-02,14,17,16,44,37,35,32
2022-07-03,15,9,7,31,27,26,23
2022-07-04,16,17,16,22,22,27,22
2022-07-05,17,8,7,38,32,15,15
2022-07-06,18,18,18,15,13,29,28
2022-07-07,19,12,12,25,20,21,18
2022-07-08,20,7,7,21,20,21,18
2022-07-09,21,14,12,25,22,13,12
2022-07-10,22,20,17,47,42,37,37
2022-07-11,23,13,10,36,29,16,13
2022-07-12,24,11,11,32,32,16,12
2022-07-13,25,8,8,42,33,29,27
2022-07-14,26,13,13,17,15,22,22
2022-07-15,27,14,12,33,29,38,31
2022-07-16,28,6,4,37,36,26,26
2022-07-17,29,20,19,15,13,25,22
2022-07-18,30,6,6,50,40,40,37
2022-07-19,31,15,13,37,32,22,17
2022-07-20,32,20,19,50,47,33,30
2022-07-21,33,14,13,42,40,10,9
2022-07-22,34,5,5,38,30,33,26
2022-07-23,35,10,9,16,13,11,8
2022-07-24,36,11,10,23,23,38,35
2022-07-25,37,11,9,49,46,21,17
2022-07-26,38,7,7,26,21,19,16
2022-07-27,39,9,7,46,44,18,17
2022-07-28,40,17,15,35,32,16,14
2022-07-29,41,20,17,49,40,22,20
2022-07-30,42,14,11,50,41,10,9
2022-07-31,43,6,6,30,27,21,20
2022-08-01,44,10,10,43,39,15,13
2022-08-02,45,16,14,43,40,16,15
2022-08-03,46,10,10,37,36,22,21
2022-08-04,47,5,5,35,35,40,35
2022-08-05,48,20,18,32,26,23,21
2022-08-06,49,9,8,50,44,10,8
2022-08-07,50,9,7,49,45,19,17
2022-08-08,1,16,13,18,16,11,8
2022-08-09,2,18,15,18,16,20,19
2022-08-10,3,5,5,45,43,19,15
2022-08-11,4,7,5,15,15,12,10
2022-08-12,5,14,11,17,16,12,11
2022-08-13,6,5,4,27,22,10,9
2022-08-14,7,8,6,22,21,34,29
2022-08-15,8,15,12,25,20,10,8
2022-08-16,9,10,10,36,29,31,30
2022-08-17,10,7,7,22,18,23,23
2022-08-18,11,15,15,30,30,16,13
2022-08-19,12,7,5,41,32,39,31
2022-08-20,13,10,10,39,32,21,17
2022-08-21,14,16,13,42,35,14,12
2022-08-22,15,5,4,40,33,39,31
2022-08-23,16,14,14,23,19,14,12
2022-08-24,17,16,15,45,41,36,36
2022-08-25,18,9,8,47,47,21,17
2022-08-26,19,5,4,37,35,25,20
2022-08-27,20,9,8,50,42,33,27
2022-08-28,21,18,16,50,44,22,19
2022-08-29,22,15,12,46,43,34,29
2022-08-30,23,15,15,32,32,12,11
2022-08-31,24,7,7,22,18,32,25
2022-09-01,25,18,16,48,42,30,28
2022-09-02,26,10,10,45,36,16,14
2022-09-03,27,12,9,37,29,12,11
2022-09-04,28,17,13,45,41,36,29
2022-09-05,29,17,13,32,28,29,24
2022-09-06,30,10,10,24,21,18,14
2022-09-07,31,19,19,31,27,28,22
2022-09-08,32,13,13,35,30,33,31
2022-09-09,33,13,11,45,45,17,17
2022-09-10,34,12,9,28,23,35,34
2022-09-11,35,13,11,20,18,37,33
2022-09-12,36,11,11,44,44,22,19
2022-09-13,37,14,13,44,42,15,13
2022-09-14,38,6,5,18,18,35,29
2022-09-15,39,13,12,49,45,27,21
2022-09-16,40,17,16,40,40,35,31
2022-09-17,41,12,12,26,24,10,8
2022-09-18,42,5,5,24,23,10,8
2022-09-19,43,16,15,27,23,25,24
2022-09-20,44,6,5,45,44,18,14
2022-09-21,45,17,15,18,16,13,11
2022-09-22,46,10,9,44,35,33,30
2022-09-23,47,19,18,32,26,14,11
2022-09-24,48,11,11,34,34,15,14
2022-09-25,49,6,6,36,31,27,24
2022-09-26,50,9,7,18,18,17,13
2022-09-27,1,15,12,45,39,39,37
2022-09-28,2,10,10,35,35,20,17
2022-09-29,3,6,4,16,14,14,11
2022-09-30,4,14,12,34,30,17,15
2022-10-01,5,17,16,19,15,35,35
2022-10-02,6,6,5,50,41,12,10
2022-10-03,7,11,9,50,41,15,12
2022-10-04,8,9,7,46,43,22,20
2022-10-05,9,15,14,31,30,18,16
2022-10-06,10,19,15,28,27,23,18
2022-10-07,11,11,11,26,24,27,25
2022-10-08,12,6,4,36,32,40,37
2022-10-09,13,7,5,37,34,40,36
2022-10-10,14,6,4,25,25,36,36
2022-10-11,15,11,11,17,15,40,35
2022-10-12,16,8,7,24,23,20,16
2022-10-13,17,13,13,32,28,19,15
2022-10-14,18,5,4,29,27,14,12
2022-10-15,19,11,11,38,36,32,25
2022-10-16,20,18,16,24,23,38,31
2022-10-17,21,17,16,29,25,12,10
2022-10-18,22,8,8,49,48,31,28
2022-10-19,23,18,16,15,12,31,27
2022-10-20,24,20,19,40,37,13,11
2022-10-21,25,6,6,42,37,26,26
2022-10-22,26,10,9,29,24,21,17
2022-10-23,27,20,18,31,24,40,32
2022-10-24,28,12,9,19,19,40,39
2022-10-25,29,11,10,18,18,34,29
2022-10-26,30,8,6,18,16,34,30
2022-10-27,31,13,11,17,14,26,24
2022-10-28,32,12,10,49,46,23,21
2022-10-29,33,12,12,22,20,10,10
2022-10-30,34,12,12,24,23,15,15
2022-10-31,35,18,14,30,25,15,14
2022-11-01,36,6,5,30,26,17,17
2022-11-02,37,7,6,17,16,12,9
2022-11-03,38,9,8,15,15,27,26
2022-11-04,39,16,14,15,15,40,35
2022-11-05,40,10,9,24,20,10,8
2022-11-06,41,19,19,34,30,19,17
2022-11-07,42,10,9,32,30,27,25
2022-11-08,43,10,8,47,41,13,13
2022-11-09,44,19,17,40,40,37,30
2022-11-10,45,18,16,29,26,29,24
2022-11-11,46,20,20,26,24,40,35
2022-11-12,47,20,19,16,13,40,39
2022-11-13,48,18,17,48,39,15,15
2022-11-14,49,8,7,16,12,10,9
2022-11-15,50,7,7,42,38,37,31
2022-11-16,1,10,10,32,27,10,9
2022-11-17,2,12,9,46,36,25,24
2022-11-18,3,8,7,40,35,29,26
2022-11-19,4,10,9,22,17,21,20
2022-11-20,5,14,13,50,44,24,21
2022-11-21,6,5,5,24,19,12,10
2022-11-22,7,17,14,15,13,10,10
2022-11-23,8,11,10,22,18,38,30
2022-11-24,9,17,15,17,14,20,17
2022-11-25,10,17,14,49,40,16,16
2022-11-26,11,18,14,26,21,17,17
2022-11-27,12,15,12,49,40,38,32
2022-11-28,13,15,13,15,14,34,27
2022-11-29,14,6,5,16,12,35,32
2022-11-30,15,7,6,29,25,21,21
2022-12-01,16,12,12,40,33,27,25
2022-12-02,17,15,14,39,31,31,24
2022-12-03,18,6,6,33,33,36,33
2022-12-04,19,7,7,46,39,34,28
2022-12-05,20,9,8,35,31,33,30
2022-12-06,21,8,7,18,16,15,15
2022-12-07,22,9,8,16,15,36,35
2022-12-08,23,10,8,26,20,23,22
2022-12-09,24,9,7,16,16,19,15
2022-12-10,25,15,12,37,36,40,35
2022-12-11,26,9,9,41,38,39,33
2022-12-12,27,8,8,24,21,29,23
2022-12-13,28,8,7,23,21,24,19
2022-12-14,29,11,10,35,33,35,32
2022-12-15,30,18,15,26,21,21,19
2022-12-16,31,5,4,15,15,34,29
2022-12-17,32,6,5,26,23,14,13
2022-12-18,33,15,12,24,19,20,16
2022-12-19,34,13,10,28,25,26,22
2022-12-20,35,9,9,25,22,27,26
2022-12-21,36,5,5,37,34,40,37
2022-12-22,37,6,5,21,20,17,15
2022-12-23,38,5,5,45,38,25,23
2022-12-24,39,12,9,16,13,40,33
2022-12-25,40,20,18,38,36,38,33
2022-12-26,41,11,8,37,29,20,18
2022-12-27,42,13,13,45,39,38,37
2022-12-28,43,5,4,27,22,34,34
2022-12-29,44,18,18,36,28,16,12
2022-12-30,45,17,14,42,41,10,8
2022-12-31,46,11,9,38,30,15,13
2023-01-01,47,9,9,23,19,30,25
2023-01-02,48,14,12,45,36,13,12
2023-01-03,49,13,13,33,29,27,27
2023-01-04,50,9,7,47,46,34,34
2023-01-05,1,6,6,33,28,31,26
2023-01-06,2,13,13,22,17,26,20
2023-01-07,3,5,4,45,39,31,24
2023-01-08,4,19,15,32,31,18,15
2023-01-09,5,12,10,36,31,23,23
2023-01-10,6,12,11,22,22,29,26
2023-01-11,7,15,12,47,38,36,35
2023-01-12,8,19,17,40,32,30,24
2023-01-13,9,9,8,30,26,35,30
2023-01-14,10,8,8,25,24,29,29
2023-01-15,11,17,17,32,26,21,18
2023-01-16,12,15,13,42,34,32,31
2023-01-17,13,13,10,29,29,13,13
2023-01-18,14,19,15,34,30,20,18
2023-01-19,15,15,13,24,20,37,36
2023-01-20,16,20,16,36,34,32,26
2023-01-21,17,13,13,36,34,33,30
2023-01-22,18,18,17,18,15,15,12
2023-01-23,19,16,13,21,17,28,27
2023-01-24,20,13,11,48,41,37,36
2023-01-25,21,14,11,19,19,12,12
2023-01-26,22,5,5,37,37,19,17
2023-01-27,23,20,18,18,15,35,31
2023-01-28,24,18,15,23,19,35,30
2023-01-29,25,13,12,20,20,26,22
2023-01-30,26,18,16,21,20,18,18
2023-01-31,27,17,17,46,46,38,33
2023-02-01,28,17,17,48,46,40,36
2023-02-02,29,7,5,30,29,19,18
2023-02-03,30,5,5,24,19,37,33
2023-02-04,31,19,15,27,25,33,26
2023-02-05,32,12,9,50,42,25,20
2023-02-06,33,19,18,32,30,15,12
2023-02-07,34,5,4,40,32,15,15
2023-02-08,35,19,16,32,29,22,22
2023-02-09,36,14,13,40,37,30,26
2023-02-10,37,19,16,38,36,16,14
2023-02-11,38,14,14,26,22,28,22
2023-02-12,39,12,12,33,31,33,26
2023-02-13,40,5,4,43,41,13,12
2023-02-14,41,20,17,24,20,29,23
2023-02-15,42,18,18,45,38,30,27
2023-02-16,43,15,14,45,41,36,33
2023-02-17,44,18,17,50,46,30,30
2023-02-18,45,13,12,36,34,11,10
2023-02-19,46,11,11,23,21,16,14
2023-02-20,47,13,13,44,41,34,31
2023-02-21,48,20,16,21,17,18,14
2023-02-22,49,9,9,50,44,17,17
2023-02-23,50,18,15,18,17,34,31
2023-02-24,1,20,19,35,28,13,12
2023-02-25,2,6,5,27,25,13,13
2023-02-26,3,16,12,43,42,38,31
2023-02-27,4,18,16,44,43,12,10
2023-02-28,5,6,4,24,19,22,19
2023-03-01,6,16,13,29,23,39,31
2023-03-02,7,18,18,20,16,38,36
2023-03-03,8,9,7,46,41,16,14
2023-03-04,9,8,7,50,43,11,10
2023-03-05,10,13,12,16,16,27,23
2023-03-06,11,14,14,34,27,33,32
2023-03-07,12,19,18,16,16,38,33
2023-03-08,13,6,5,39,39,19,19
2023-03-09,14,20,19,38,31,27,23
2023-03-10,15,8,6,34,31,36,35
2023-03-11,16,19,19,16,12,34,29
2023-03-12,17,9,7,24,24,30,28
2023-03-13,18,12,12,32,25,18,16
2023-03-14,19,9,8,36,28,22,22
2023-03-15,20,9,8,39,34,13,13
2023-03-16,21,13,12,21,16,15,12
2023-03-17,22,14,11,48,48,31,29
2023-03-18,23,13,13,22,22,21,18
2023-03-19,24,5,5,18,16,16,13
2023-03-20,25,14,11,25,25,39,38
2023-03-21,26,16,15,45,43,40,33
2023-03-22,27,17,16,32,30,27,21
2023-03-23,28,7,5,45,40,27,22
2023-03-24,29,9,7,45,36,39,34
2023-03-25,30,10,10,19,17,29,24
2023-03-26,31,7,5,49,47,13,11
2023-03-27,32,16,13,28,28,22,18
2023-03-28,33,12,10,31,27,18,15
2023-03-29,34,15,13,21,20,18,17
2023-03-30,35,20,18,32,28,17,16
2023-03-31,36,8,6,39,38,36,35
2023-04-01,37,20,17,48,40,14,11
2023-04-02,38,19,15,35,31,10,9
2023-04-03,39,13,13,40,37,12,10
2023-04-04,40,10,9,24,19,33,31
2023-04-05,41,10,9,38,38,17,16
2023-04-06,42,14,11,39,37,21,16
2023-04-07,43,16,13,29,29,23,19
2023-04-08,44,15,14,18,15,19,17
2023-04-09,45,10,9,19,15,14,14
2023-04-10,46,14,14,15,14,10,10
2023-04-11,47,19,17,40,38,38,36
2023-04-12,48,15,12,30,30,37,35
2023-04-13,49,8,7,32,25,16,14
2023-04-14,50,17,15,23,22,32,31
2023-04-15,1,5,4,25,21,27,25
2023-04-16,2,13,10,17,17,14,14
2023-04-17,3,14,12,37,33,13,13
2023-04-18,4,13,12,16,15,30,26
2023-04-19,5,14,12,49,49,39,39
2023-04-20,6,19,15,22,18,13,11
2023-04-21,7,13,12,46,43,31,29
2023-04-22,8,20,17,42,35,20,16
2023-04-23,9,20,16,34,32,23,19
2023-04-24,10,15,15,31,29,26,20
2023-04-25,11,8,8,48,41,14,13
2023-04-26,12,17,15,34,30,17,16
2023-04-27,13,19,19,31,30,17,15
2023-04-28,14,14,12,46,42,29,28
2023-04-29,15,19,16,39,34,31,30
2023-04-30,16,16,13,48,41,33,26
2023-05-01,17,12,10,37,31,32,31
2023-05-02,18,13,10,41,34,23,20
2023-05-03,19,16,12,28,27,30,27
2023-05-04,20,19,16,46,46,27,24
2023-05-05,21,17,16,42,38,21,20
2023-05-06,22,12,11,20,20,40,34
2023-05-07,23,13,11,30,30,35,31
2023-05-08,24,13,11,21,18,21,16
2023-05-09,25,15,15,21,16,37,33
2023-05-10,26,5,4,20,18,31,26
2023-05-11,27,6,5,23,23,30,29
2023-05-12,28,8,6,33,31,28,24
2023-05-13,29,11,9,36,34,38,32
2023-05-14,30,18,15,23,18,28,22
2023-05-15,31,10,10,44,38,40,32
2023-05-16,32,17,14,22,21,37,33
2023-05-17,33,15,15,17,14,37,35
2023-05-18,34,5,5,19,15,37,34
2023-05-19,35,14,13,29,23,33,26
2023-05-20,36,7,7,37,37,38,36
2023-05-21,37,8,6,49,46,20,16
2023-05-22,38,18,15,34,29,35,35
2023-05-23,39,8,6,21,17,36,35
2023-05-24,40,12,10,24,21,16,12
2023-05-25,41,20,19,31,30,34,29
2023-05-26,42,7,5,25,25,40,36
2023-05-27,43,7,7,16,15,24,21
2023-05-28,44,12,12,20,16,21,19
2023-05-29,45,7,5,18,17,35,35
2023-05-30,46,5,5,27,26,16,12
2023-05-31,47,6,5,48,48,26,22
2023-06-01,48,10,9,18,16,30,24
2023-06-02,49,6,5,27,24,16,13
2023-06-03,50,7,7,37,32,15,15
2023-06-04,1,9,8,21,16,12,10
2023-06-05,2,18,16,18,15,40,34
2023-06-06,3,10,9,43,43,37,32
2023-06-07,4,18,15,24,22,31,26
2023-06-08,5,5,4,29,29,34,27
2023-06-09,6,15,15,28,23,35,34
2023-06-10,7,8,7,27,27,13,10
2023-06-11,8,6,5,44,40,27,26
2023-06-12,9,19,18,49,45,40,34
2023-06-13,10,19,19,48,39,39,34
2023-06-14,11,11,9,48,42,13,12
2023-06-15,12,20,16,16,12,21,16
2023-06-16,13,14,12,49,40,33,27
2023-06-17,14,7,6,40,40,30,27
2023-06-18,15,8,7,38,31,21,19
2023-06-19,16,6,6,18,16,18,16
2023-06-20,17,12,9,27,21,10,8
2023-06-21,18,9,7,41,38,33,29
2023-06-22,19,7,7,22,17,37,34
2023-06-23,20,19,15,36,31,11,9
2023-06-24,21,5,4,40,35,11,10
2023-06-25,22,5,4,45,41,36,29
2023-06-26,23,9,9,44,36,22,22
2023-06-27,24,6,5,30,28,38,31
2023-06-28,25,17,13,25,21,11,8
2023-06-29,26,5,5,38,32,32,26
2023-06-30,27,9,7,26,24,21,16
2023-07-01,28,18,17,38,33,32,31
2023-07-02,29,19,17,43,37,26,25
2023-07-03,30,17,16,18,15,32,27
2023-07-04,31,13,10,42,39,10,9
2023-07-05,32,5,5,31,27,30,30
2023-07-06,33,17,13,26,26,18,17
2023-07-07,34,19,18,45,37,31,29
2023-07-08,35,16,15,18,14,34,31
2023-07-09,36,7,5,23,18,37,31
2023-07-10,37,16,13,25,23,33,29
2023-07-11,38,9,7,31,29,35,29
2023-07-12,39,12,12,29,26,32,28
2023-07-13,40,19,17,26,26,25,21
2023-07-14,41,8,6,48,42,16,14
2023-07-15,42,16,14,42,38,35,32
2023-07-16,43,14,11,20,19,14,13
2023-07-17,44,7,6,49,47,15,15
2023-07-18,45,15,13,50,50,14,13
2023-07-19,46,19,17,23,18,26,24
2023-07-20,47,15,13,49,39,39,31
2023-07-21,48,12,11,40,38,34,32
2023-07-22,49,10,8,34,29,32,30
2023-07-23,50,11,10,28,28,11,10
2023-07-24,1,19,16,38,34,13,11
2023-07-25,2,12,12,41,41,15,13
2023-07-26,3,20,17,23,22,25,23
2023-07-27,4,6,4,37,31,38,36
2023-07-28,5,7,5,25,21,35,30
2023-07-29,6,11,10,42,33,35,33
2023-07-30,7,17,14,24,19,30,24
2023-07-31,8,9,7,33,32,32,25
2023-08-01,9,19,19,41,39,20,17
2023-08-02,10,12,12,20,16,21,18
2023-08-03,11,18,15,17,13,25,24
2023-08-04,12,14,11,46,45,24,22
2023-08-05,13,11,8,28,24,25,21
2023-08-06,14,5,5,49,48,35,35
2023-08-07,15,6,5,24,20,15,15
2023-08-08,16,19,19,37,35,20,17
2023-08-09,17,15,14,41,33,16,16
2023-08-10,18,13,11,40,40,32,30
2023-08-11,19,14,12,44,41,40,37
2023-08-12,20,7,7,45,37,36,32
2023-08-13,21,18,15,46,42,23,21
2023-08-14,22,12,11,31,30,19,17
2023-08-15,23,12,12,23,19,36,28
2023-08-16,24,14,14,45,42,32,27
2023-08-17,25,16,14,27,21,25,25
2023-08-18,26,14,13,37,37,38,32
2023-08-19,27,11,10,31,27,29,29
2023-08-20,28,8,8,28,27,18,17
2023-08-21,29,20,17,25,20,28,27
2023-08-22,30,16,12,23,19,33,33
2023-08-23,31,10,10,40,38,11,9
2023-08-24,32,10,10,22,17,27,23
2023-08-25,33,12,12,43,43,22,18
2023-08-26,34,13,13,20,19,39,32
2023-08-27,35,17,13,43,39,10,8
2023-08-28,36,11,11,41,40,13,11
2023-08-29,37,6,5,25,25,38,35
2023-08-30,38,9,9,34,33,31,28
2023-08-31,39,8,7,33,33,18,15
2023-09-01,40,14,12,43,35,25,22
2023-09-02,41,18,14,28,27,14,14
2023-09-03,42,18,17,49,48,33,32
2023-09-04,43,12,12,30,25,34,33
2023-09-05,44,16,13,24,23,26,22
2023-09-06,45,20,16,49,39,37,32
2023-09-07,46,9,9,41,34,13,13
2023-09-08,47,12,11,33,33,17,13
2023-09-09,48,14,13,22,17,17,13
2023-09-10,49,11,8,46,46,30,29
2023-09-11,50,14,12,26,20,19,16
2023-09-12,1,9,8,37,33,17,13
2023-09-13,2,15,12,30,29,15,12
2023-09-14,3,12,9,28,26,19,16
2023-09-15,4,16,15,22,20,22,21
2023-09-16,5,14,11,36,35,16,14
2023-09-17,6,20,20,50,50,16,13
2023-09-18,7,9,9,42,34,12,9
2023-09-19,8,5,4,22,18,23,23
2023-09-20,9,15,15,17,17,23,19
2023-09-21,10,7,6,23,21,29,25
2023-09-22,11,13,12,18,18,35,29
2023-09-23,12,5,4,30,27,25,20
2023-09-24,13,10,9,41,39,23,20
2023-09-25,14,10,9,23,20,10,8
2023-09-26,15,17,15,36,32,32,32
2023-09-27,16,19,16,43,38,21,16
2023-09-28,17,10,10,31,26,22,18
2023-09-29,18,15,12,31,31,18,17
2023-09-30,19,7,5,15,12,34,32
2023-10-01,20,13,13,20,20,35,30
2023-10-02,21,5,4,45,37,32,29
2023-10-03,22,10,9,34,28,23,23
2023-10-04,23,17,13,20,18,32,28
2023-10-05,24,6,5,32,26,12,9
2023-10-06,25,10,10,27,25,38,34
2023-10-07,26,6,4,35,34,29,24
2023-10-08,27,19,18,31,25,24,23
2023-10-09,28,18,18,27,23,25,21
2023-10-10,29,20,18,21,20,24,23
2023-10-11,30,6,5,50,45,36,28
2023-10-12,31,8,7,35,32,18,18
2023-10-13,32,12,9,24,24,37,34
2023-10-14,33,5,4,45,36,15,12
2023-10-15,34,5,4,49,44,40,39
2023-10-16,35,20,18,40,40,21,16
2023-10-17,36,5,5,38,34,38,37
2023-10-18,37,12,9,26,26,38,35
2023-10-19,38,16,13,38,35,29,25
2023-10-20,39,18,17,34,28,28,27
2023-10-21,40,13,10,24,24,15,12
2023-10-22,41,17,16,47,46,18,15
2023-10-23,42,14,13,44,44,26,20
2023-10-24,43,10,8,42,33,21,21
2023-10-25,44,6,4,16,16,22,17
2023-10-26,45,6,4,25,20,27,26
2023-10-27,46,13,10,22,20,27,23
2023-10-28,47,8,6,27,24,15,12
2023-10-29,48,8,7,30,25,19,19
2023-10-30,49,13,11,19,16,20,20
2023-10-31,50,18,16,29,25,33,29
2023-11-01,1,9,8,37,36,15,15
2023-11-02,2,11,10,16,15,30,30
2023-11-03,3,18,14,45,44,39,36
2023-11-04,4,20,20,23,18,34,31
2023-11-05,5,20,18,17,14,10,10
2023-11-06,6,6,6,48,41,25,21
2023-11-07,7,11,10,40,36,16,13
2023-11-08,8,7,6,42,39,20,16
2023-11-09,9,15,12,34,30,39,36
2023-11-10,10,12,11,46,38,22,17
2023-11-11,11,7,7,32,30,16,15
2023-11-12,12,8,8,15,12,34,33
2023-11-13,13,5,4,40,37,15,15
2023-11-14,14,18,14,40,38,19,18
2023-11-15,15,14,11,28,27,33,33
2023-11-16,16,16,14,17,14,18,16
2023-11-17,17,9,8,23,19,23,23
2023-11-18,18,13,12,36,35,36,34
2023-11-19,19,16,15,41,33,12,11
2023-11-20,20,13,10,30,24,24,19
2023-11-21,21,15,15,17,13,36,28
2023-11-22,22,11,10,21,18,28,23
2023-11-23,23,16,16,37,31,21,16
2023-11-24,24,11,8,40,37,12,11
2023-11-25,25,18,14,16,12,31,25
2023-11-26,26,12,9,36,35,10,10
2023-11-27,27,9,7,37,35,12,9
2023-11-28,28,6,5,23,22,34,27
2023-11-29,29,7,5,48,38,24,19
2023-11-30,30,19,16,18,15,28,22
2023-12-01,31,7,7,36,29,37,31
2023-12-02,32,16,12,23,22,20,17
2023-12-03,33,15,12,30,29,30,30
2023-12-04,34,10,9,30,25,26,23
2023-12-05,35,14,12,40,34,40,32
2023-12-06,36,14,14,40,38,36,29
2023-12-07,37,14,13,15,15,12,10
2023-12-08,38,14,12,31,29,31,30
2023-12-09,39,9,9,32,31,16,12
2023-12-10,40,7,7,41,41,32,28
2023-12-11,41,9,7,26,24,40,38
2023-12-12,42,8,7,20,17,20,20
2023-12-13,43,15,13,27,22,38,34
2023-12-14,44,13,13,23,19,10,9
2023-12-15,45,20,16,17,13,38,33
2023-12-16,46,9,8,21,20,19,15
2023-12-17,47,9,9,38,37,23,22
2023-12-18,48,18,15,35,31,36,33
2023-12-19,49,6,6,31,30,28,24
2023-12-20,50,9,8,31,26,18,15
2023-12-21,1,20,16,26,21,37,32
2023-12-22,2,8,6,49,45,40,39
2023-12-23,3,18,15,41,39,12,10
2023-12-24,4,10,8,50,44,34,28
2023-12-25,5,20,17,48,38,19,18
2023-12-26,6,10,9,34,34,25,20
2023-12-27,7,18,16,33,31,30,26
2023-12-28,8,19,16,26,22,27,22
2023-12-29,9,12,11,25,22,17,15
2023-12-30,10,15,14,25,23,37,36
2023-12-31,11,9,7,37,30,29,27
2024-01-01,12,17,15,43,36,23,19
2024-01-02,13,15,14,33,30,13,12
2024-01-03,14,17,17,39,32,35,29
2024-01-04,15,11,10,27,21,32,32
2024-01-05,16,14,12,16,16,39,33
2024-01-06,17,5,5,18,17,19,16
2024-01-07,18,8,6,23,19,27,24
2024-01-08,19,16,12,38,37,34,32
2024-01-09,20,8,7,44,38,31,27
2024-01-10,21,9,9,39,37,16,16
2024-01-11,22,18,16,24,21,31,27
2024-01-12,23,14,14,37,31,31,24
2024-01-13,24,15,12,31,29,35,31
2024-01-14,25,12,11,45,40,19,19
2024-01-15,26,20,18,42,34,14,11
2024-01-16,27,18,16,49,43,24,24
2024-01-17,28,18,15,21,18,15,13
2024-01-18,29,10,10,42,37,16,12
2024-01-19,30,19,17,17,16,29,29
2024-01-20,31,20,19,25,25,15,15
2024-01-21,32,13,13,24,24,21,17
2024-01-22,33,18,16,32,28,10,9
2024-01-23,34,7,6,45,41,15,15
2024-01-24,35,18,17,44,43,10,9
2024-01-25,36,15,12,18,16,38,31
2024-01-26,37,12,11,20,17,15,14
2024-01-27,38,13,10,41,36,25,22
2024-01-28,39,5,5,43,40,33,31
2024-01-29,40,15,14,23,19,39,35
2024-01-30,41,19,18,45,38,32,27
2024-01-31,42,19,15,28,23,18,18
2024-02-01,43,8,6,28,24,29,25
2024-02-02,44,18,16,27,27,10,10
2024-02-03,45,7,7,24,22,33,29
2024-02-04,46,19,15,24,21,32,25
2024-02-05,47,7,6,20,20,34,34
2024-02-06,48,14,13,49,47,30,29
2024-02-07,49,9,9,48,40,38,35
2024-02-08,50,20,20,40,38,32,26
2024-02-09,1,20,18,19,17,37,36
2024-02-10,2,7,5,48,41,19,19
2024-02-11,3,7,5,20,16,34,32
2024-02-12,4,18,17,46,41,39,31
2024-02-13,5,16,16,34,34,29,29
2024-02-14,6,17,16,19,15,28,27
2024-02-15,7,15,14,24,22,17,17
2024-02-16,8,20,17,21,21,32,31
2024-02-17,9,19,17,28,24,33,30
2024-02-18,10,18,14,16,16,18,14
2024-02-19,11,15,13,34,32,24,22
2024-02-20,12,13,10,31,25,39,31
2024-02-21,13,13,13,47,37,26,20
2024-02-22,14,9,7,18,16,29,28
2024-02-23,15,20,17,50,50,22,20
2024-02-24,16,16,15,44,40,37,30
2024-02-25,17,16,15,43,38,12,12
2024-02-26,18,6,4,29,26,37,34
2024-02-27,19,13,10,41,36,24,21
2024-02-28,20,8,6,27,27,14,11
2024-02-29,21,9,8,48,47,26,20
2024-03-01,22,18,18,32,32,10,10
2024-03-02,23,18,16,31,24,11,9
2024-03-03,24,6,5,31,29,23,21
2024-03-04,25,11,10,29,28,21,18
2024-03-05,26,20,20,46,45,25,22
2024-03-06,27,11,10,42,35,14,13
2024-03-07,28,15,14,29,27,19,19
2024-03-08,29,7,6,39,32,10,8
2024-03-09,30,17,15,35,35,35,34
2024-03-10,31,6,4,25,24,34,34
2024-03-11,32,17,15,45,38,34,28
2024-03-12,33,5,4,36,32,31,31
2024-03-13,34,17,14,35,35,25,22
2024-03-14,35,10,10,48,41,27,21
2024-03-15,36,13,12,20,17,26,24
2024-03-16,37,9,7,25,22,11,9
2024-03-17,38,9,8,31,29,27,26
2024-03-18,39,20,18,16,14,31,25
2024-03-19,40,6,6,22,18,22,21
2024-03-20,41,11,11,32,27,31,27
2024-03-21,42,12,10,39,36,33,28
2024-03-22,43,8,6,33,32,33,26
2024-03-23,44,12,10,32,28,32,25
2024-03-24,45,13,11,32,25,26,23
2024-03-25,46,15,14,33,32,25,23
2024-03-26,47,12,12,23,23,14,13
2024-03-27,48,9,9,35,34,30,29
2024-03-28,49,6,4,47,45,36,34
2024-03-29,50,16,12,40,37,37,35
2024-03-30,1,18,17,35,29,11,10
2024-03-31,2,10,9,20,19,17,16
2024-04-01,3,11,10,48,39,37,29
2024-04-02,4,19,15,27,26,39,38
2024-04-03,5,14,11,15,12,38,34
2024-04-04,6,6,6,45,45,29,25
2024-04-05,7,19,19,31,30,32,27
2024-04-06,8,16,12,31,28,38,36
2024-04-07,9,5,4,18,17,23,21
2024-04-08,10,11,9,16,13,10,10
2024-04-09,11,14,13,32,26,10,8
2024-04-10,12,19,16,39,39,30,27
2024-04-11,13,16,14,47,41,16,12
2024-04-12,14,20,20,31,31,30,24
2024-04-13,15,13,11,20,18,21,17
2024-04-14,16,16,16,43,36,18,17
2024-04-15,17,15,14,50,43,36,31
2024-04-16,18,18,16,49,46,33,32
2024-04-17,19,19,19,29,25,13,10
2024-04-18,20,18,16,29,26,15,13
2024-04-19,21,13,10,26,22,31,25
2024-04-20,22,18,15,40,36,39,32
2024-04-21,23,5,4,42,38,36,32
2024-04-22,24,5,4,42,34,39,37
2024-04-23,25,14,13,37,31,18,16
2024-04-24,26,14,11,38,37,36,30
2024-04-25,27,13,13,17,15,40,39
2024-04-26,28,7,5,31,31,10,9
2024-04-27,29,7,6,40,37,14,11
2024-04-28,30,17,14,23,19,16,12
2024-04-29,31,12,12,31,28,26,21
2024-04-30,32,14,13,33,26,26,23
2024-05-01,33,20,19,44,40,26,26
2024-05-02,34,12,10,24,21,29,23
2024-05-03,35,6,6,38,38,36,28
2024-05-04,36,8,8,31,25,27,26
2024-05-05,37,13,10,23,20,39,31
2024-05-06,38,7,6,46,46,13,10
2024-05-07,39,9,7,45,37,27,27
2024-05-08,40,15,12,41,38,19,15
2024-05-09,41,10,9,33,31,39,37
2024-05-10,42,10,9,42,38,35,33
2024-05-11,43,14,14,34,27,36,36
2024-05-12,44,13,13,39,33,18,14
2024-05-13,45,18,18,32,32,13,11
2024-05-14,46,9,9,30,26,39,33
2024-05-15,47,15,15,15,15,18,16
2024-05-16,48,7,6,28,26,40,38
2024-05-17,49,5,5,48,45,11,8
2024-05-18,50,6,6,34,34,37,29
2024-05-19,1,19,18,44,38,32,27
2024-05-20,2,7,7,32,32,34,31
2024-05-21,3,11,10,23,22,20,20
2024-05-22,4,17,17,20,18,24,21
2024-05-23,5,15,15,19,17,20,18
2024-05-24,6,15,14,36,29,29,29
2024-05-25,7,11,10,19,18,13,13
2024-05-26,8,9,8,38,34,24,24
2024-05-27,9,16,14,21,18,31,28
2024-05-28,10,8,6,32,29,21,21
2024-05-29,11,5,5,16,16,35,30
2024-05-30,12,11,11,36,28,31,29
2024-05-31,13,7,5,40,39,40,32
2024-06-01,14,5,4,15,13,13,12
2024-06-02,15,15,15,40,35,30,25
2024-06-03,16,5,5,47,38,27,27
2024-06-04,17,5,4,47,45,33,32
2024-06-05,18,20,16,21,17,33,32
2024-06-06,19,5,5,49,45,29,26
2024-06-07,20,5,4,31,29,12,12
2024-06-08,21,9,7,43,35,26,22
2024-06-09,22,7,6,45,39,35,28
2024-06-10,23,13,11,27,26,11,11
2024-06-11,24,20,19,19,16,21,20
2024-06-12,25,13,13,19,15,17,17
2024-06-13,26,16,12,49,48,26,20
2024-06-14,27,6,5,20,20,12,11
2024-06-15,28,9,9,17,17,13,13
2024-06-16,29,16,12,19,16,25,25
2024-06-17,30,20,17,45,36,16,12
2024-06-18,31,8,8,27,23,20,17
2024-06-19,32,20,17,22,19,39,34
2024-06-20,33,10,9,23,19,26,24
2024-06-21,34,14,14,23,20,27,25
2024-06-22,35,12,9,23,19,17,14
2024-06-23,36,19,16,31,28,32,28
2024-06-24,37,17,15,23,23,10,9
2024-06-25,38,12,11,24,22,16,13
2024-06-26,39,6,6,28,27,32,31
2024-06-27,40,7,5,25,23,36,31
2024-06-28,41,8,8,20,20,13,12
2024-06-29,42,8,6,43,38,31,27
2024-06-30,43,8,6,24,23,19,19
2024-07-01,44,14,14,20,20,22,20
2024-07-02,45,5,4,34,31,16,13
2024-07-03,46,10,10,21,21,19,18
2024-07-04,47,20,20,41,35,17,16
2024-07-05,48,9,9,31,26,10,10
2024-07-06,49,13,13,22,17,17,17
2024-07-07,50,8,6,26,26,33,28
2024-07-08,1,13,13,45,37,15,14
2024-07-09,2,8,7,36,33,13,10
2024-07-10,3,13,13,29,26,17,15
2024-07-11,4,9,9,48,38,13,12
2024-07-12,5,13,10,38,35,11,9
2024-07-13,6,15,15,45,41,31,26
2024-07-14,7,5,4,30,25,34,31
2024-07-15,8,13,11,25,24,32,26
2024-07-16,9,12,10,37,30,23,19
2024-07-17,10,16,15,16,13,25,21
2024-07-18,11,11,11,15,15,15,13
2024-07-19,12,20,16,34,29,27,21
2024-07-20,13,6,4,40,38,31,30
2024-07-21,14,13,12,30,26,22,18
2024-07-22,15,15,13,20,20,28,27
2024-07-23,16,20,18,47,37,11,11
2024-07-24,17,6,4,47,47,18,17
2024-07-25,18,19,19,39,35,27,23
2024-07-26,19,19,18,30,26,12,11
2024-07-27,20,17,17,39,36,31,29
2024-07-28,21,11,11,44,42,29,24
2024-07-29,22,20,19,36,31,18,16
2024-07-30,23,18,17,24,19,20,17
2024-07-31,24,10,9,35,31,14,12
2024-08-01,25,17,17,19,15,28,23
2024-08-02,26,20,18,33,32,34,28
2024-08-03,27,12,12,27,27,16,16
2024-08-04,28,12,12,44,37,38,34
2024-08-05,29,13,12,36,30,16,13
2024-08-06,30,20,20,34,31,21,19
2024-08-07,31,19,19,27,23,33,30
2024-08-08,32,16,12,18,17,36,32
2024-08-09,33,16,15,17,14,23,21
2024-08-10,34,20,18,39,36,26,25
2024-08-11,35,16,16,30,30,29,23
2024-08-12,36,5,5,15,12,22,22
2024-08-13,37,18,17,29,23,37,37
2024-08-14,38,19,19,38,36,11,9
2024-08-15,39,20,17,50,41,19,16
2024-08-16,40,15,12,22,17,17,15
2024-08-17,41,15,13,20,20,33,28
2024-08-18,42,10,10,23,22,38,32
2024-08-19,43,13,12,31,25,31,31
2024-08-20,44,6,6,32,27,37,31
2024-08-21,45,12,12,30,24,40,40
2024-08-22,46,6,4,22,22,33,31
2024-08-23,47,7,5,28,27,22,22
2024-08-24,48,18,14,36,31,26,20
2024-08-25,49,7,6,16,14,26,22
2024-08-26,50,15,13,49,48,32,26
2024-08-27,1,15,15,32,25,27,24
2024-08-28,2,20,18,38,30,13,11
2024-08-29,3,17,15,26,20,17,17
2024-08-30,4,19,18,32,27,15,15
2024-08-31,5,9,8,50,45,25,23
2024-09-01,6,8,6,35,34,27,25
2024-09-02,7,16,15,20,18,30,30
2024-09-03,8,9,9,36,33,38,33
2024-09-04,9,11,9,28,23,28,23
2024-09-05,10,6,6,47,44,12,11
2024-09-06,11,14,14,39,35,24,21
2024-09-07,12,5,4,44,40,33,27
2024-09-08,13,12,12,50,50,39,34
2024-09-09,14,16,13,29,28,37,29
2024-09-10,15,13,10,18,18,14,13
2024-09-11,16,16,12,18,14,26,21
2024-09-12,17,10,10,23,21,10,10
2024-09-13,18,18,17,17,14,31,27
2024-09-14,19,17,13,25,23,32,31
2024-09-15,20,9,8,37,35,10,9
2024-09-16,21,16,15,45,45,22,19
2024-09-17,22,14,13,16,16,32,32
2024-09-18,23,12,10,19,18,38,35
2024-09-19,24,14,12,23,23,20,18
2024-09-20,25,8,8,23,20,20,16
2024-09-21,26,16,15,46,41,28,26
2024-09-22,27,6,6,42,38,26,23
2024-09-23,28,13,12,23,23,14,14
2024-09-24,29,8,8,36,33,25,20
2024-09-25,30,7,6,24,19,11,9
2024-09-26,31,17,14,37,34,39,35
2024-09-27,32,7,7,40,34,39,31
2024-09-28,33,9,8,43,35,10,8
2024-09-29,34,8,6,40,40,29,23
2024-09-30,35,18,14,50,47,37,34
2024-10-01,36,5,5,21,21,39,35
2024-10-02,37,20,20,20,20,30,27
2024-10-03,38,17,15,24,19,12,10
2024-10-04,39,6,6,47,39,15,15
2024-10-05,40,10,10,47,47,37,37
2024-10-06,41,19,15,42,34,21,18
2024-10-07,42,6,6,26,26,26,25
2024-10-08,43,11,11,35,29,23,22
2024-10-09,44,20,16,29,26,23,19
2024-10-10,45,20,16,42,34,19,18
2024-10-11,46,14,14,48,38,25,21
2024-10-12,47,16,13,23,20,22,22
2024-10-13,48,14,14,38,31,23,20
2024-10-14,49,5,5,25,20,30,26
2024-10-15,50,18,18,41,36,13,10
2024-10-16,1,13,11,30,29,27,23
2024-10-17,2,10,9,29,29,11,11
2024-10-18,3,20,20,28,22,40,35
2024-10-19,4,6,5,19,15,29,27
2024-10-20,5,20,19,28,25,10,10
2024-10-21,6,8,7,49,49,39,33
2024-10-22,7,14,14,41,33,40,35
2024-10-23,8,12,9,16,16,38,32
2024-10-24,9,11,8,40,37,17,16
2024-10-25,10,15,12,35,33,13,10
2024-10-26,11,11,8,26,21,18,16
2024-10-27,12,16,12,47,37,36,35
2024-10-28,13,9,9,23,20,38,31
2024-10-29,14,20,19,21,21,12,11
2024-10-30,15,9,8,20,20,17,15
2024-10-31,16,18,18,23,20,21,18
2024-11-01,17,5,5,42,39,18,16
2024-11-02,18,6,4,37,35,18,15
2024-11-03,19,10,8,49,49,15,15
2024-11-04,20,6,6,34,31,38,34
2024-11-05,21,15,15,26,21,15,14
2024-11-06,22,6,5,25,23,23,21
2024-11-07,23,11,11,44,42,38,36
2024-11-08,24,9,8,43,34,33,31
2024-11-09,25,17,17,45,44,31,26
2024-11-10,26,6,5,27,25,25,23
2024-11-11,27,18,17,25,22,11,8
2024-11-12,28,11,8,45,44,25,23
2024-11-13,29,18,16,29,28,21,19
2024-11-14,30,20,16,29,23,20,19
2024-11-15,31,13,10,27,22,33,33
2024-11-16,32,11,8,47,44,40,37
2024-11-17,33,8,8,23,18,10,8
2024-11-18,34,9,8,39,31,17,13
2024-11-19,35,13,13,40,36,16,13
2024-11-20,36,20,17,19,17,15,15
2024-11-21,37,14,11,44,38,29,28
2024-11-22,38,17,15,50,42,13,12
2024-11-23,39,13,13,39,35,40,36
2024-11-24,40,10,10,26,26,16,15
2024-11-25,41,9,8,31,27,31,24
2024-11-26,42,9,9,27,24,33,27
2024-11-27,43,7,7,47,41,27,26
2024-11-28,44,7,5,44,42,17,17
2024-11-29,45,11,10,18,15,16,15
2024-11-30,46,8,8,22,21,15,14
2024-12-01,47,12,11,15,14,19,18
2024-12-02,48,6,5,50,47,14,13
2024-12-03,49,11,11,24,21,39,36
2024-12-04,50,13,13,31,26,17,14
2024-12-05,1,8,7,43,42,15,14
2024-12-06,2,6,6,47,41,16,13
2024-12-07,3,6,6,47,38,32,30
2024-12-08,4,16,15,22,21,35,32
2024-12-09,5,18,14,49,48,25,20
2024-12-10,6,17,16,39,37,12,12
2024-12-11,7,16,12,28,28,19,16
2024-12-12,8,12,9,45,41,14,11
2024-12-13,9,19,18,27,24,29,29
2024-12-14,10,11,10,25,20,29,25
2024-12-15,11,10,9,15,13,32,26
2024-12-16,12,7,5,40,35,32,29
2024-12-17,13,19,16,23,19,29,28
2024-12-18,14,20,17,25,21,31,26
2024-12-19,15,7,5,43,34,40,36
2024-12-20,16,9,8,35,29,13,10
2024-12-21,17,6,4,48,44,12,10
2024-12-22,18,8,6,41,38,19,15
2024-12-23,19,10,9,36,32,25,24
2024-12-24,20,8,6,50,41,20,19
2024-12-25,21,13,10,21,21,12,11
2024-12-26,22,13,13,37,31,16,14
2024-12-27,23,19,19,20,16,25,20
2024-12-28,24,20,17,39,36,38,31
2024-12-29,25,14,13,46,46,29,25
2024-12-30,26,7,6,21,20,35,30
2024-12-31,27,10,10,35,35,28,27
2025-01-01,28,11,9,26,25,33,28
2025-01-02,29,10,8,30,27,19,16
2025-01-03,30,11,10,19,18,23,20
2025-01-04,31,7,7,27,22,23,21
2025-01-05,32,10,9,36,28,40,36
2025-01-06,33,15,15,35,29,11,9
2025-01-07,34,6,4,18,15,23,23
2025-01-08,35,18,14,20,20,20,16
2025-01-09,36,17,15,44,40,28,27
2025-01-10,37,6,5,40,32,20,20
2025-01-11,38,11,9,34,29,18,15
2025-01-12,39,9,8,42,42,38,32
2025-01-13,40,7,6,28,28,33,31
2025-01-14,41,10,10,49,48,10,9
2025-01-15,42,18,16,40,35,29,26
2025-01-16,43,15,13,46,37,19,19
2025-01-17,44,15,15,41,41,18,16
2025-01-18,45,20,18,42,41,19,19
2025-01-19,46,6,5,46,42,37,30
2025-01-20,47,20,17,24,23,35,30
2025-01-21,48,11,8,44,43,32,30
2025-01-22,49,7,5,34,33,11,8
2025-01-23,50,9,8,24,22,33,33
2025-01-24,1,8,7,31,30,30,25
2025-01-25,2,14,14,44,43,21,21
2025-01-26,3,11,8,29,27,38,31
2025-01-27,4,10,10,48,47,11,11
2025-01-28,5,14,12,26,26,40,38
2025-01-29,6,16,13,20,19,20,17
2025-01-30,7,16,13,36,35,29,24
2025-01-31,8,13,12,17,17,20,16
2025-02-01,9,12,10,27,25,37,35
2025-02-02,10,14,11,23,18,32,27
2025-02-03,11,10,8,42,34,31,24
2025-02-04,12,20,16,25,22,21,19
2025-02-05,13,11,8,27,26,39,31
2025-02-06,14,13,13,34,29,13,10
2025-02-07,15,7,7,17,15,25,22
2025-02-08,16,13,11,37,32,24,24
2025-02-09,17,7,7,22,22,31,28
2025-02-10,18,19,16,34,30,26,20
2025-02-11,19,11,9,17,14,16,16
2025-02-12,20,18,14,49,47,28,23
2025-02-13,21,10,9,50,45,13,13
2025-02-14,22,5,5,21,21,32,30
2025-02-15,23,19,15,35,31,36,34
2025-02-16,24,18,17,43,39,31,25
2025-02-17,25,17,13,36,30,30,25
2025-02-18,26,9,8,30,26,32,26
2025-02-19,27,6,6,45,45,40,35
2025-02-20,28,14,14,16,14,11,11
2025-02-21,29,15,15,29,25,31,27
2025-02-22,30,18,14,42,41,40,36
2025-02-23,31,7,5,37,31,12,11
2025-02-24,32,6,5,32,26,27,24
2025-02-25,33,18,16,37,37,24,24
2025-02-26,34,11,9,43,37,38,37
2025-02-27,35,16,16,39,32,19,16
2025-02-28,36,20,19,49,39,21,17
2025-03-01,37,12,12,25,20,11,8
2025-03-02,38,5,5,19,17,17,14
2025-03-03,39,11,10,20,17,32,32
2025-03-04,40,15,13,23,22,39,33
2025-03-05,41,10,8,20,18,14,14
2025-03-06,42,13,13,33,31,28,28
2025-03-07,43,16,12,20,16,26,23
2025-03-08,44,18,15,47,47,10,9
2025-03-09,45,9,7,24,23,10,9
2025-03-10,46,5,5,48,41,30,29
2025-03-11,47,8,8,50,43,31,30
2025-03-12,48,10,10,26,25,12,9
2025-03-13,49,10,10,42,34,17,16
2025-03-14,50,5,5,18,16,16,15
2025-03-15,1,11,10,15,14,40,33
2025-03-16,2,18,14,43,41,35,31
2025-03-17,3,20,18,39,39,25,23
2025-03-18,4,20,17,23,23,25,23
2025-03-19,5,6,4,36,28,11,8
2025-03-20,6,10,8,28,26,17,13
2025-03-21,7,8,6,29,28,18,16
2025-03-22,8,8,6,15,14,30,26
2025-03-23,9,16,15,50,50,29,28
2025-03-24,10,14,12,33,31,33,32
2025-03-25,11,11,11,34,32,28,27
2025-03-26,12,5,4,36,34,17,13
2025-03-27,13,6,5,37,32,33,28
2025-03-28,14,19,15,36,31,39,32
2025-03-29,15,17,16,34,30,37,33
2025-03-30,16,19,16,46,40,11,9
2025-03-31,17,11,10,25,20,27,25
2025-04-01,18,15,12,24,19,25,24
2025-04-02,19,18,16,19,17,21,16
2025-04-03,20,13,12,46,44,22,21
2025-04-04,21,19,15,50,45,24,20
2025-04-05,22,19,19,48,38,39,31
2025-04-06,23,8,8,40,40,22,22
2025-04-07,24,5,4,22,20,31,30
2025-04-08,25,11,8,25,22,30,30
2025-04-09,26,20,17,34,30,27,25
2025-04-10,27,11,8,44,36,19,19
2025-04-11,28,20,19,37,36,14,14
2025-04-12,29,9,8,48,39,25,22
2025-04-13,30,9,8,34,33,34,28
2025-04-14,31,5,5,23,19,21,16
2025-04-15,32,7,7,30,28,24,22
2025-04-16,33,13,13,18,18,39,37
2025-04-17,34,11,10,49,49,26,24
2025-04-18,35,14,12,36,35,24,21
2025-04-19,36,13,11,49,45,27,23
2025-04-20,37,8,7,30,24,22,19
2025-04-21,38,15,14,42,40,16,12
2025-04-22,39,13,10,42,40,23,19
2025-04-23,40,8,8,40,32,22,18
2025-04-24,41,9,8,29,28,23,22
2025-04-25,42,14,12,47,44,26,26
2025-04-26,43,19,15,38,38,18,16
2025-04-27,44,18,14,34,28,35,34
2025-04-28,45,13,11,36,34,22,22
2025-04-29,46,14,14,43,40,17,15
2025-04-30,47,20,17,34,34,14,12
2025-05-01,48,20,19,18,17,29,24
2025-05-02,49,9,9,33,30,35,34
2025-05-03,50,17,15,23,22,27,23
2025-05-04,1,13,11,31,24,29,25
2025-05-05,2,7,7,33,31,38,33
2025-05-06,3,14,14,36,35,32,30
2025-05-07,4,17,13,22,21,21,21
2025-05-08,5,6,4,37,29,17,17
2025-05-09,6,7,7,33,27,31,27
2025-05-10,7,15,12,28,27,15,13
2025-05-11,8,15,15,49,49,37,34
2025-05-12,9,7,6,20,20,11,11
2025-05-13,10,20,18,33,26,33,26
2025-05-14,11,18,15,36,29,38,37
2025-05-15,12,11,11,38,38,33,32
2025-05-16,13,17,15,21,16,24,22
2025-05-17,14,18,17,47,44,33,32
2025-05-18,15,5,4,48,42,22,22
2025-05-19,16,12,12,42,34,27,23
2025-05-20,17,19,15,15,12,40,40
2025-05-21,18,9,7,22,20,25,24
2025-05-22,19,12,12,20,16,16,12
2025-05-23,20,11,9,48,44,30,27
2025-05-24,21,13,12,47,47,36,36
2025-05-25,22,6,4,35,32,24,19
2025-05-26,23,9,7,48,40,10,10
2025-05-27,24,10,10,37,35,27,22
2025-05-28,25,10,8,49,48,29,28
2025-05-29,26,19,15,28,22,26,22
2025-05-30,27,17,13,31,24,34,29
2025-05-31,28,6,4,36,29,29,24
2025-06-01,29,19,16,50,41,16,16
2025-06-02,30,11,10,43,37,16,16
2025-06-03,31,12,9,22,19,10,8
2025-06-04,32,11,8,16,15,27,21
2025-06-05,33,5,4,43,35,34,31
2025-06-06,34,17,17,27,22,17,13
2025-06-07,35,5,4,46,44,11,8
2025-06-08,36,14,13,15,15,14,14
2025-06-09,37,13,11,48,48,24,20
2025-06-10,38,7,7,25,20,10,10
2025-06-11,39,11,8,19,16,35,30
2025-06-12,40,7,7,42,37,15,13
2025-06-13,41,11,10,33,33,26,23
2025-06-14,42,17,13,32,31,26,20
2025-06-15,43,9,8,47,37,11,9
2025-06-16,44,17,15,32,30,31,26
2025-06-17,45,16,16,49,47,17,15
2025-06-18,46,14,14,37,29,18,18
2025-06-19,47,13,11,22,22,29,25
2025-06-20,48,10,8,44,38,11,8
2025-06-21,49,9,8,41,32,34,30
2025-06-22,50,7,5,31,26,34,28
2025-06-23,1,6,4,40,40,26,20
2025-06-24,2,19,15,46,46,12,10
2025-06-25,3,20,16,31,27,36,33
2025-06-26,4,13,13,37,31,24,23
2025-06-27,5,11,11,31,27,35,34
2025-06-28,6,6,5,40,38,32,32
2025-06-29,7,17,15,35,33,25,23
2025-06-30,8,17,14,39,39,27,23
2025-07-01,9,13,13,18,18,34,33
2025-07-02,10,10,9,28,28,25,23
2025-07-03,11,12,10,37,33,30,28
2025-07-04,12,6,5,21,20,32,27
2025-07-05,13,9,7,32,29,27,24
2025-07-06,14,10,10,37,37,23,20
2025-07-07,15,19,16,16,15,28,26
2025-07-08,16,9,7,48,44,12,11
2025-07-09,17,20,20,44,44,21,16
2025-07-10,18,7,6,25,24,30,28
2025-07-11,19,7,7,38,38,36,35
2025-07-12,20,9,9,44,43,22,21
2025-07-13,21,5,4,22,17,25,24
2025-07-14,22,13,12,38,38,36,30
2025-07-15,23,16,14,17,13,13,10
2025-07-16,24,18,18,50,47,15,15
2025-07-17,25,19,16,42,40,36,30
2025-07-18,26,17,14,19,17,29,24
2025-07-19,27,5,5,45,45,39,34
2025-07-20,28,18,14,41,32,32,29
2025-07-21,29,9,8,22,22,32,25
2025-07-22,30,20,19,31,28,19,19
2025-07-23,31,15,12,24,19,15,15
2025-07-24,32,8,6,50,44,19,16
2025-07-25,33,6,4,22,22,10,8
2025-07-26,34,8,6,28,28,33,27
2025-07-27,35,9,7,31,24,37,37
2025-07-28,36,18,14,41,40,37,35
2025-07-29,37,14,12,16,15,20,19
2025-07-30,38,14,11,24,20,33,27
2025-07-31,39,8,6,29,23,21,21
2025-08-01,40,6,6,35,34,35,35
2025-08-02,41,16,16,19,19,16,14
2025-08-03,42,18,18,17,13,36,33
2025-08-04,43,18,15,16,16,17,16
2025-08-05,44,15,13,50,41,35,35
2025-08-06,45,15,13,49,39,23,22
2025-08-07,46,19,15,25,23,27,21
2025-08-08,47,13,13,50,42,25,25
2025-08-09,48,5,5,28,27,27,24
2025-08-10,49,11,10,28,23,37,36
2025-08-11,50,6,6,21,16,26,24
2025-08-12,1,14,14,29,23,36,33
2025-08-13,2,14,14,38,32,26,23
2025-08-14,3,18,14,39,36,35,34
2025-08-15,4,19,15,16,12,17,15
2025-08-16,5,15,15,47,43,31,25
2025-08-17,6,16,14,27,21,22,22
2025-08-18,7,20,18,50,43,22,19
2025-08-19,8,7,7,15,12,20,17
2025-08-20,9,18,15,15,13,15,15
2025-08-21,10,19,19,28,24,18,15
2025-08-22,11,20,18,35,29,20,19
2025-08-23,12,8,7,20,19,24,20
2025-08-24,13,20,18,23,23,17,16
2025-08-25,14,16,14,17,17,37,36
2025-08-26,15,14,12,47,38,10,10
2025-08-27,16,14,14,15,15,25,25
2025-08-28,17,18,15,35,32,38,37
2025-08-29,18,9,7,41,36,18,18
2025-08-30,19,15,13,25,20,14,11
2025-08-31,20,11,8,22,22,34,28
2025-09-01,21,8,8,34,27,20,16
2025-09-02,22,5,4,28,23,35,35
2025-09-03,23,11,8,36,30,26,20
2025-09-04,24,11,11,22,19,24,24
2025-09-05,25,6,6,18,15,36,31
2025-09-06,26,16,13,21,17,16,15
2025-09-07,27,5,4,16,14,18,18
2025-09-08,28,19,19,29,26,27,21
2025-09-09,29,10,9,44,42,17,13
2025-09-10,30,10,9,26,20,12,12
2025-09-11,31,7,5,43,42,33,27
2025-09-12,32,18,18,38,36,33,30
2025-09-13,33,16,13,19,15,11,10
2025-09-14,34,5,5,18,16,30,25
2025-09-15,35,18,16,22,20,12,9
2025-09-16,36,11,10,44,42,22,20
2025-09-17,37,13,13,46,38,23,21
2025-09-18,38,15,13,32,28,11,9
2025-09-19,39,8,6,39,32,32,25
2025-09-20,40,16,16,22,21,10,8
2025-09-21,41,19,15,27,24,11,8
2025-09-22,42,15,12,35,35,13,12
2025-09-23,43,18,15,31,27,32,26
2025-09-24,44,15,15,18,17,18,16
2025-09-25,45,6,6,29,28,31,28
2025-09-26,46,7,7,34,31,14,13
2025-09-27,47,14,12,42,34,13,11
2025-09-28,48,13,13,20,19,24,19
2025-09-29,49,16,14,47,43,33,32
2025-09-30,50,8,6,46,46,25,22
2025-10-01,1,10,9,37,32,26,24
2025-10-02,2,7,5,32,32,20,20
2025-10-03,3,11,11,49,46,31,31
2025-10-04,4,6,4,50,46,18,17
2025-10-05,5,19,16,44,44,18,15
2025-10-06,6,8,6,36,33,13,11
2025-10-07,7,6,4,46,41,12,10
2025-10-08,8,11,9,39,37,34,34
2025-10-09,9,6,6,16,15,12,9
2025-10-10,10,7,7,43,41,11,9
2025-10-11,11,20,16,23,21,35,29
2025-10-12,12,11,11,38,33,20,17
2025-10-13,13,11,11,49,45,27,25
2025-10-14,14,9,8,29,26,21,18
2025-10-15,15,12,10,48,42,24,19
2025-10-16,16,8,8,35,28,25,20
2025-10-17,17,10,9,28,24,16,13
2025-10-18,18,19,15,25,22,11,8
2025-10-19,19,5,4,20,19,18,15
2025-10-20,20,12,11,38,31,38,30
2025-10-21,21,9,7,28,28,10,8
2025-10-22,22,14,14,40,33,23,20
2025-10-23,23,6,6,42,41,35,28
2025-10-24,24,10,9,49,47,26,21
2025-10-25,25,5,5,36,28,22,20
2025-10-26,26,19,19,30,25,22,19
2025-10-27,27,5,5,50,45,20,18
2025-10-28,28,11,11,46,43,21,17
2025-10-29,29,5,4,48,38,36,36
2025-10-30,30,7,5,34,29,27,24
2025-10-31,31,6,6,30,27,15,14
2025-11-01,32,19,18,45,42,16,14
2025-11-02,33,6,5,17,17,12,9
2025-11-03,34,6,4,17,16,40,34
2025-11-04,35,6,4,28,26,12,12
2025-11-05,36,18,14,45,39,22,17
2025-11-06,37,5,4,27,25,27,21
2025-11-07,38,12,10,18,15,11,9
2025-11-08,39,5,4,28,25,14,13
2025-11-09,40,20,18,50,41,32,32
2025-11-10,41,9,8,42,42,22,18
2025-11-11,42,18,18,17,16,30,25
2025-11-12,43,18,15,47,43,22,21
2025-11-13,44,11,10,32,32,15,12
2025-11-14,45,16,12,39,35,28,28
2025-11-15,46,5,5,20,20,19,18
2025-11-16,47,15,15,36,35,25,24
2025-11-17,48,13,10,24,21,40,34
2025-11-18,49,16,16,35,28,14,13
2025-11-19,50,6,5,37,37,22,17
2025-11-20,1,13,13,47,44,18,16
2025-11-21,2,15,13,33,33,22,22
2025-11-22,3,13,10,47,37,30,29
2025-11-23,4,11,8,28,25,13,13
2025-11-24,5,13,11,41,38,37,30
2025-11-25,6,17,13,31,27,35,29
2025-11-26,7,8,6,39,36,13,12
2025-11-27,8,12,10,44,42,20,18
2025-11-28,9,6,6,47,39,14,11
2025-11-29,10,17,17,38,30,34,28
2025-11-30,11,6,6,49,44,12,9
2025-12-01,12,11,11,41,37,18,15
2025-12-02,13,18,17,50,40,19,17
2025-12-03,14,17,14,25,20,15,13
2025-12-04,15,8,7,45,39,10,8
2025-12-05,16,17,15,39,34,33,33
2025-12-06,17,11,11,45,45,22,19
2025-12-07,18,20,19,41,40,32,31
2025-12-08,19,8,6,17,17,13,10
2025-12-09,20,14,11,17,17,21,17
2025-12-10,21,13,10,48,45,30,28
2025-12-11,22,16,12,32,32,25,22
2025-12-12,23,20,20,30,25,35,34
2025-12-13,24,19,18,18,14,35,32
2025-12-14,25,18,18,45,37,32,25
2025-12-15,26,9,7,15,14,35,35
2025-12-16,27,8,7,25,21,39,31
2025-12-17,28,10,10,28,23,20,16
2025-12-18,29,18,15,39,39,39,32
2025-12-19,30,7,6,43,35,15,13
2025-12-20,31,14,14,18,15,24,21
2025-12-21,32,17,15,30,28,33,30
2025-12-22,33,18,14,26,21,11,10
2025-12-23,34,8,8,36,35,27,27
2025-12-24,35,16,16,31,31,34,27
2025-12-25,36,12,9,29,24,11,10
2025-12-26,37,5,5,17,13,30,29
2025-12-27,38,6,4,41,37,35,32
2025-12-28,39,9,8,35,34,22,18
2025-12-29,40,18,18,27,26,31,31
2025-12-30,41,18,14,34,33,38,38
2025-12-31,42,20,18,22,17,11,8
2026-01-01,43,19,16,47,37,39,36
2026-01-02,44,11,9,45,38,26,26
2026-01-03,45,5,4,40,33,29,23
2026-01-04,46,18,14,28,23,33,29
2026-01-05,47,17,16,35,32,11,11
2026-01-06,48,7,5,33,28,34,33
2026-01-07,49,14,12,15,12,20,18
2026-01-08,50,15,13,42,39,11,10
