date,avg_wait_time
2020-01-01,65.94444444444444
2020-01-02,63.775510204081634
2020-01-03,63.1875
2020-01-04,62.54761904761905
2020-01-05,63.320754716981135
2020-01-06,59.78
2020-01-07,65.8780487804878
2020-01-08,59.228070175438596
2020-01-09,74.10204081632654
2020-01-10,59.5
2020-01-11,70.02439024390245
2020-01-12,67.81818181818181
2020-01-13,57.52777777777778
2020-01-14,63.45238095238095
2020-01-15,59.21666666666667
2020-01-16,56.68627450980392
2020-01-17,54.2037037037037
2020-01-18,66.5
2020-01-19,64.22448979591837
2020-01-20,58.73809523809524
2020-01-21,62.68421052631579
2020-01-22,54.775
2020-01-23,53.30434782608695
2020-01-24,57.76744186046512
2020-01-25,69.38297872340425
2020-01-26,64.5609756097561
2020-01-27,68.63414634146342
2020-01-28,69.3953488372093
2020-01-29,56.6
2020-01-30,63.4
2020-01-31,67.02631578947368
2020-02-01,49.285714285714285
2020-02-02,61.04347826086956
2020-02-03,54.71739130434783
2020-02-04,64.76744186046511
2020-02-05,58.42857142857143
2020-02-06,54.0
2020-02-07,66.79591836734694
2020-02-08,60.58181818181818
2020-02-09,61.08108108108108
2020-02-10,68.38095238095238
2020-02-11,52.97872340425532
2020-02-12,60.025
2020-02-13,64.14285714285714
2020-02-14,57.11904761904762
2020-02-15,64.16949152542372
2020-02-16,74.29032258064517
2020-02-17,69.27906976744185
2020-02-18,56.09090909090909
2020-02-19,62.1578947368421
2020-02-20,66.8
2020-02-21,68.5
2020-02-22,65.71428571428571
2020-02-23,56.06521739130435
2020-02-24,65.0
2020-02-25,63.388888888888886
2020-02-26,63.340425531914896
2020-02-27,63.45454545454545
2020-02-28,60.333333333333336
2020-02-29,58.416666666666664
2020-03-01,63.5
2020-03-02,66.67441860465117
2020-03-03,73.79069767441861
2020-03-04,65.4390243902439
2020-03-05,53.0
2020-03-06,65.2
2020-03-07,68.2051282051282
2020-03-08,67.0377358490566
2020-03-09,64.25641025641026
2020-03-10,54.69230769230769
2020-03-11,62.78181818181818
2020-03-12,65.08510638297872
2020-03-13,55.68292682926829
2020-03-14,60.775862068965516
2020-03-15,58.36363636363637
2020-03-16,54.70454545454545
2020-03-17,61.52777777777778
2020-03-18,63.45161290322581
2020-03-19,58.19444444444444
2020-03-20,63.111111111111114
2020-03-21,57.857142857142854
2020-03-22,62.02564102564103
2020-03-23,66.37209302325581
2020-03-24,59.20754716981132
2020-03-25,65.23076923076923
2020-03-26,69.89189189189189
2020-03-27,57.06818181818182
2020-03-28,65.02083333333333
2020-03-29,63.95744680851064
2020-03-30,55.76315789473684
2020-03-31,59.98039215686274
2020-04-01,59.76923076923077
2020-04-02,59.0
2020-04-03,64.56896551724138
2020-04-04,66.85416666666667
2020-04-05,61.53333333333333
2020-04-06,69.71698113207547
2020-04-07,60.11363636363637
2020-04-08,55.888888888888886
2020-04-09,66.23333333333333
2020-04-10,74.22727272727273
2020-04-11,56.589285714285715
2020-04-12,60.0
2020-04-13,63.8974358974359
2020-04-14,57.65853658536585
2020-04-15,74.32432432432432
2020-04-16,70.81632653061224
2020-04-17,61.62264150943396
2020-04-18,64.60975609756098
2020-04-19,55.51724137931034
2020-04-20,52.0
2020-04-21,68.22448979591837
2020-04-22,57.68571428571428
2020-04-23,60.2093023255814
2020-04-24,64.90697674418605
2020-04-25,63.46666666666667
2020-04-26,65.34782608695652
2020-04-27,64.33962264150944
2020-04-28,67.11363636363636
2020-04-29,65.47058823529412
2020-04-30,60.638297872340424
2020-05-01,63.78260869565217
2020-05-02,59.977777777777774
2020-05-03,64.25925925925925
2020-05-04,64.08888888888889
2020-05-05,66.39622641509433
2020-05-06,63.69767441860465
2020-05-07,68.23404255319149
2020-05-08,66.15686274509804
2020-05-09,70.57142857142857
2020-05-10,71.70731707317073
2020-05-11,58.45652173913044
2020-05-12,67.92857142857143
2020-05-13,66.88888888888889
2020-05-14,66.95
2020-05-15,63.85454545454545
2020-05-16,62.08163265306123
2020-05-17,62.390243902439025
2020-05-18,64.2
2020-05-19,62.19047619047619
2020-05-20,65.0
2020-05-21,53.19565217391305
2020-05-22,63.05263157894737
2020-05-23,74.97297297297297
2020-05-24,56.138888888888886
2020-05-25,58.872727272727275
2020-05-26,66.44444444444444
2020-05-27,65.54
2020-05-28,56.0
2020-05-29,64.69811320754717
2020-05-30,59.333333333333336
2020-05-31,51.9
2020-06-01,66.7872340425532
2020-06-02,62.583333333333336
2020-06-03,58.4054054054054
2020-06-04,64.60416666666667
2020-06-05,65.83333333333333
2020-06-06,63.74418604651163
2020-06-07,60.651162790697676
2020-06-08,66.5
2020-06-09,68.0
2020-06-10,60.265306122448976
2020-06-11,63.06382978723404
2020-06-12,65.67307692307692
2020-06-13,70.64285714285714
2020-06-14,53.651162790697676
2020-06-15,63.431372549019606
2020-06-16,58.604166666666664
2020-06-17,64.20833333333333
2020-06-18,59.74545454545454
2020-06-19,61.34920634920635
2020-06-20,53.5625
2020-06-21,64.75675675675676
2020-06-22,53.13157894736842
2020-06-23,60.57142857142857
2020-06-24,57.3
2020-06-25,64.37704918032787
2020-06-26,73.93617021276596
2020-06-27,70.88679245283019
2020-06-28,54.5
2020-06-29,48.36585365853659
2020-06-30,73.5
2020-07-01,66.29545454545455
2020-07-02,63.8235294117647
2020-07-03,63.285714285714285
2020-07-04,64.17307692307692
2020-07-05,60.41025641025641
2020-07-06,49.05
2020-07-07,65.10416666666667
2020-07-08,66.8409090909091
2020-07-09,71.73333333333333
2020-07-10,55.85454545454545
2020-07-11,58.53191489361702
2020-07-12,59.30232558139535
2020-07-13,66.78947368421052
2020-07-14,58.256410256410255
2020-07-15,57.74285714285714
2020-07-16,65.03030303030303
2020-07-17,74.44897959183673
2020-07-18,71.81481481481481
2020-07-19,57.34
2020-07-20,64.92857142857143
2020-07-21,58.96
2020-07-22,61.520833333333336
2020-07-23,67.13207547169812
2020-07-24,62.354838709677416
2020-07-25,63.97222222222222
2020-07-26,63.191489361702125
2020-07-27,58.92307692307692
2020-07-28,60.43478260869565
2020-07-29,65.11363636363636
2020-07-30,71.27777777777777
2020-07-31,55.81132075471698
2020-08-01,74.68571428571428
2020-08-02,57.483870967741936
2020-08-03,62.72093023255814
2020-08-04,59.175
2020-08-05,53.333333333333336
2020-08-06,60.698113207547166
2020-08-07,64.98076923076923
2020-08-08,63.170731707317074
2020-08-09,68.72727272727273
2020-08-10,60.404761904761905
2020-08-11,68.08333333333333
2020-08-12,58.08196721311475
2020-08-13,62.348837209302324
2020-08-14,65.79629629629629
2020-08-15,55.69444444444444
2020-08-16,67.21621621621621
2020-08-17,63.90909090909091
2020-08-18,65.68181818181819
2020-08-19,59.11538461538461
2020-08-20,54.744680851063826
2020-08-21,70.17948717948718
2020-08-22,58.75675675675676
2020-08-23,58.22727272727273
2020-08-24,59.795918367346935
2020-08-25,58.68
2020-08-26,64.46808510638297
2020-08-27,56.91304347826087
2020-08-28,54.578947368421055
2020-08-29,63.8
2020-08-30,69.27083333333333
2020-08-31,60.270833333333336
2020-09-01,60.351851851851855
2020-09-02,61.095238095238095
2020-09-03,71.625
2020-09-04,64.78048780487805
2020-09-05,59.627906976744185
2020-09-06,63.666666666666664
2020-09-07,58.96875
2020-09-08,66.58928571428571
2020-09-09,60.529411764705884
2020-09-10,73.57777777777778
2020-09-11,69.15217391304348
2020-09-12,59.425
2020-09-13,70.19047619047619
2020-09-14,65.51851851851852
2020-09-15,64.42857142857143
2020-09-16,62.38095238095238
2020-09-17,61.32142857142857
2020-09-18,65.6304347826087
2020-09-19,61.4390243902439
2020-09-20,54.285714285714285
2020-09-21,66.27777777777777
2020-09-22,62.875
2020-09-23,55.31578947368421
2020-09-24,70.91836734693878
2020-09-25,58.171875
2020-09-26,56.34782608695652
2020-09-27,64.42
2020-09-28,71.47826086956522
2020-09-29,67.0204081632653
2020-09-30,59.679245283018865
2020-10-01,61.76086956521739
2020-10-02,69.1891891891892
2020-10-03,62.707317073170735
2020-10-04,66.75
2020-10-05,54.86363636363637
2020-10-06,58.214285714285715
2020-10-07,61.5625
2020-10-08,56.07142857142857
2020-10-09,68.12820512820512
2020-10-10,60.82692307692308
2020-10-11,52.475
2020-10-12,74.38636363636364
2020-10-13,67.16666666666667
2020-10-14,63.72
2020-10-15,59.23076923076923
2020-10-16,65.65
2020-10-17,68.16071428571429
2020-10-18,62.723404255319146
2020-10-19,69.1951219512195
2020-10-20,69.77777777777777
2020-10-21,66.33962264150944
2020-10-22,61.527272727272724
2020-10-23,63.38235294117647
2020-10-24,60.31481481481482
2020-10-25,59.292682926829265
2020-10-26,59.9
2020-10-27,65.5
2020-10-28,69.61818181818182
2020-10-29,61.166666666666664
2020-10-30,65.58333333333333
2020-10-31,63.84313725490196
2020-11-01,61.83783783783784
2020-11-02,65.23333333333333
2020-11-03,69.10714285714286
2020-11-04,62.48571428571429
2020-11-05,66.93617021276596
2020-11-06,67.78048780487805
2020-11-07,61.40909090909091
2020-11-08,72.30555555555556
2020-11-09,60.92857142857143
2020-11-10,51.638888888888886
2020-11-11,63.09090909090909
2020-11-12,56.42553191489362
2020-11-13,65.34146341463415
2020-11-14,60.255319148936174
2020-11-15,62.0188679245283
2020-11-16,70.64444444444445
2020-11-17,57.03921568627451
2020-11-18,70.79545454545455
2020-11-19,69.37288135593221
2020-11-20,60.470588235294116
2020-11-21,64.97619047619048
2020-11-22,59.7
2020-11-23,60.875
2020-11-24,63.84905660377358
2020-11-25,56.42
2020-11-26,66.4
2020-11-27,63.15555555555556
2020-11-28,69.2
2020-11-29,55.3
2020-11-30,70.44
2020-12-01,54.075
2020-12-02,70.85416666666667
2020-12-03,69.10204081632654
2020-12-04,65.37735849056604
2020-12-05,62.92
2020-12-06,60.50909090909091
2020-12-07,58.28888888888889
2020-12-08,60.509803921568626
2020-12-09,60.509433962264154
2020-12-10,68.09803921568627
2020-12-11,56.13793103448276
2020-12-12,64.42
2020-12-13,71.2439024390244
2020-12-14,65.19148936170212
2020-12-15,71.75
2020-12-16,51.75471698113208
2020-12-17,66.325
2020-12-18,57.94285714285714
2020-12-19,68.7843137254902
2020-12-20,50.02272727272727
2020-12-21,73.11111111111111
2020-12-22,65.06666666666666
2020-12-23,65.23404255319149
2020-12-24,65.76923076923077
2020-12-25,58.06896551724138
2020-12-26,64.97872340425532
2020-12-27,57.588235294117645
2020-12-28,62.30952380952381
2020-12-29,64.93023255813954
2020-12-30,73.70588235294117
2020-12-31,64.15384615384616
2021-01-01,64.42105263157895
2021-01-02,56.891304347826086
2021-01-03,53.32432432432432
2021-01-04,65.88235294117646
2021-01-05,65.4
2021-01-06,60.08
2021-01-07,63.82857142857143
2021-01-08,60.666666666666664
2021-01-09,58.74418604651163
2021-01-10,65.38181818181818
2021-01-11,65.78571428571429
2021-01-12,57.40625
2021-01-13,55.0
2021-01-14,63.78
2021-01-15,60.81395348837209
2021-01-16,61.17391304347826
2021-01-17,55.82051282051282
2021-01-18,60.57142857142857
2021-01-19,63.91489361702128
2021-01-20,58.24390243902439
2021-01-21,58.41509433962264
2021-01-22,68.28301886792453
2021-01-23,59.06
2021-01-24,65.91666666666667
2021-01-25,60.24444444444445
2021-01-26,72.3
2021-01-27,60.80952380952381
2021-01-28,59.46938775510204
2021-01-29,63.69230769230769
2021-01-30,69.20454545454545
2021-01-31,65.24
2021-02-01,53.72
2021-02-02,59.254901960784316
2021-02-03,66.20454545454545
2021-02-04,62.108108108108105
2021-02-05,67.53846153846153
2021-02-06,61.60377358490566
2021-02-07,61.479166666666664
2021-02-08,69.81818181818181
2021-02-09,66.63076923076923
2021-02-10,65.72
2021-02-11,62.111111111111114
2021-02-12,61.355555555555554
2021-02-13,63.80357142857143
2021-02-14,52.644444444444446
2021-02-15,63.285714285714285
2021-02-16,58.145833333333336
2021-02-17,63.03333333333333
2021-02-18,61.19047619047619
2021-02-19,66.69811320754717
2021-02-20,58.770833333333336
2021-02-21,55.421052631578945
2021-02-22,64.65454545454546
2021-02-23,59.083333333333336
2021-02-24,60.8
2021-02-25,69.11904761904762
2021-02-26,62.479166666666664
2021-02-27,64.59183673469387
2021-02-28,54.75
2021-03-01,69.83333333333333
2021-03-02,66.92105263157895
2021-03-03,67.05714285714286
2021-03-04,61.20338983050848
2021-03-05,59.275862068965516
2021-03-06,63.19444444444444
2021-03-07,65.35
2021-03-08,65.86538461538461
2021-03-09,62.183673469387756
2021-03-10,63.351851851851855
2021-03-11,67.12
2021-03-12,59.93023255813954
2021-03-13,58.333333333333336
2021-03-14,62.87755102040816
2021-03-15,51.23255813953488
2021-03-16,64.32075471698113
2021-03-17,53.14705882352941
2021-03-18,68.10810810810811
2021-03-19,62.96
2021-03-20,62.54545454545455
2021-03-21,64.66666666666667
2021-03-22,59.02777777777778
2021-03-23,65.34782608695652
2021-03-24,56.82222222222222
2021-03-25,62.142857142857146
2021-03-26,75.11538461538461
2021-03-27,70.575
2021-03-28,67.0
2021-03-29,61.725
2021-03-30,66.4
2021-03-31,60.395348837209305
2021-04-01,71.23255813953489
2021-04-02,56.45945945945946
2021-04-03,68.63636363636364
2021-04-04,66.16
2021-04-05,67.22727272727273
2021-04-06,68.1590909090909
2021-04-07,70.575
2021-04-08,63.54545454545455
2021-04-09,67.85454545454546
2021-04-10,61.52777777777778
2021-04-11,61.78431372549019
2021-04-12,64.15555555555555
2021-04-13,69.91489361702128
2021-04-14,56.9
2021-04-15,63.40384615384615
2021-04-16,59.84782608695652
2021-04-17,59.02564102564103
2021-04-18,56.84
2021-04-19,57.38
2021-04-20,60.476190476190474
2021-04-21,65.8125
2021-04-22,68.16666666666667
2021-04-23,69.97619047619048
2021-04-24,63.627450980392155
2021-04-25,66.5
2021-04-26,67.4047619047619
2021-04-27,62.175
2021-04-28,59.482142857142854
2021-04-29,56.833333333333336
2021-04-30,63.93877551020408
2021-05-01,53.945945945945944
2021-05-02,58.8235294117647
2021-05-03,66.02380952380952
2021-05-04,55.25
2021-05-05,62.0
2021-05-06,57.017857142857146
2021-05-07,68.5
2021-05-08,55.333333333333336
2021-05-09,62.93181818181818
2021-05-10,62.236363636363635
2021-05-11,63.54545454545455
2021-05-12,61.73913043478261
2021-05-13,68.11627906976744
2021-05-14,73.10526315789474
2021-05-15,54.69387755102041
2021-05-16,67.14285714285714
2021-05-17,65.12962962962963
2021-05-18,60.81818181818182
2021-05-19,60.78260869565217
2021-05-20,71.07317073170732
2021-05-21,60.15555555555556
2021-05-22,64.46153846153847
2021-05-23,61.03333333333333
2021-05-24,55.292682926829265
2021-05-25,64.27272727272727
2021-05-26,58.345454545454544
2021-05-27,60.2
2021-05-28,64.20689655172414
2021-05-29,57.56521739130435
2021-05-30,70.72549019607843
2021-05-31,58.24390243902439
2021-06-01,58.54
2021-06-02,62.604651162790695
2021-06-03,61.56140350877193
2021-06-04,68.17647058823529
2021-06-05,58.81818181818182
2021-06-06,63.270270270270274
2021-06-07,72.975
2021-06-08,56.95454545454545
2021-06-09,65.5
2021-06-10,63.361702127659576
2021-06-11,65.02272727272727
2021-06-12,60.526315789473685
2021-06-13,60.78048780487805
2021-06-14,76.31111111111112
2021-06-15,60.78431372549019
2021-06-16,65.63414634146342
2021-06-17,61.6530612244898
2021-06-18,54.53225806451613
2021-06-19,75.18367346938776
2021-06-20,60.46511627906977
2021-06-21,64.26190476190476
2021-06-22,63.2
2021-06-23,55.256410256410255
2021-06-24,59.577777777777776
2021-06-25,65.25714285714285
2021-06-26,67.48571428571428
2021-06-27,65.13157894736842
2021-06-28,60.81481481481482
2021-06-29,68.51923076923077
2021-06-30,65.46808510638297
2021-07-01,59.64102564102564
2021-07-02,68.80851063829788
2021-07-03,65.85714285714286
2021-07-04,56.51162790697674
2021-07-05,68.17391304347827
2021-07-06,65.2
2021-07-07,59.77358490566038
2021-07-08,69.42553191489361
2021-07-09,67.06382978723404
2021-07-10,56.395833333333336
2021-07-11,59.73170731707317
2021-07-12,62.680851063829785
2021-07-13,63.291666666666664
2021-07-14,58.1219512195122
2021-07-15,65.14285714285714
2021-07-16,68.83673469387755
2021-07-17,71.85106382978724
2021-07-18,63.68518518518518
2021-07-19,59.0
2021-07-20,68.67241379310344
2021-07-21,58.945945945945944
2021-07-22,61.25454545454546
2021-07-23,67.28205128205128
2021-07-24,54.65
2021-07-25,61.93333333333333
2021-07-26,68.41666666666667
2021-07-27,65.06122448979592
2021-07-28,65.93181818181819
2021-07-29,73.05
2021-07-30,58.55813953488372
2021-07-31,58.93333333333333
2021-08-01,58.96875
2021-08-02,64.3913043478261
2021-08-03,62.08695652173913
2021-08-04,59.8780487804878
2021-08-05,58.21739130434783
2021-08-06,57.4468085106383
2021-08-07,58.36585365853659
2021-08-08,59.388888888888886
2021-08-09,57.3
2021-08-10,63.861111111111114
2021-08-11,60.170731707317074
2021-08-12,59.97222222222222
2021-08-13,66.04
2021-08-14,60.75
2021-08-15,61.301886792452834
2021-08-16,71.4888888888889
2021-08-17,64.5
2021-08-18,60.673469387755105
2021-08-19,65.51612903225806
2021-08-20,60.854166666666664
2021-08-21,61.53846153846154
2021-08-22,57.816326530612244
2021-08-23,67.3913043478261
2021-08-24,58.5
2021-08-25,71.4
2021-08-26,57.51282051282051
2021-08-27,70.11904761904762
2021-08-28,68.375
2021-08-29,61.390243902439025
2021-08-30,63.46938775510204
2021-08-31,56.80434782608695
2021-09-01,64.35416666666667
2021-09-02,57.71875
2021-09-03,58.355555555555554
2021-09-04,59.388888888888886
2021-09-05,62.44
2021-09-06,63.47727272727273
2021-09-07,60.54545454545455
2021-09-08,62.75
2021-09-09,61.86666666666667
2021-09-10,68.95348837209302
2021-09-11,65.31111111111112
2021-09-12,61.297872340425535
2021-09-13,54.96078431372549
2021-09-14,59.86486486486486
2021-09-15,65.32352941176471
2021-09-16,62.395348837209305
2021-09-17,68.84
2021-09-18,53.88235294117647
2021-09-19,62.02272727272727
2021-09-20,66.48936170212765
2021-09-21,59.673469387755105
2021-09-22,67.15384615384616
2021-09-23,67.6086956521739
2021-09-24,63.92
2021-09-25,68.12820512820512
2021-09-26,55.55102040816327
2021-09-27,62.285714285714285
2021-09-28,67.3
2021-09-29,68.57142857142857
2021-09-30,63.333333333333336
2021-10-01,64.13888888888889
2021-10-02,61.07017543859649
2021-10-03,61.0
2021-10-04,65.06122448979592
2021-10-05,73.20930232558139
2021-10-06,64.97435897435898
2021-10-07,64.3125
2021-10-08,61.57446808510638
2021-10-09,62.70454545454545
2021-10-10,65.31481481481481
2021-10-11,58.733333333333334
2021-10-12,63.21568627450981
2021-10-13,65.51020408163265
2021-10-14,59.06666666666667
2021-10-15,59.574074074074076
2021-10-16,62.89473684210526
2021-10-17,65.1063829787234
2021-10-18,65.25
2021-10-19,58.09090909090909
2021-10-20,58.53191489361702
2021-10-21,56.94230769230769
2021-10-22,60.46341463414634
2021-10-23,60.65384615384615
2021-10-24,53.06896551724138
2021-10-25,64.34285714285714
2021-10-26,72.66666666666667
2021-10-27,68.48780487804878
2021-10-28,62.25714285714286
2021-10-29,68.27272727272727
2021-10-30,52.90909090909091
2021-10-31,66.85416666666667
2021-11-01,57.91111111111111
2021-11-02,63.041666666666664
2021-11-03,59.680851063829785
2021-11-04,58.05714285714286
2021-11-05,47.787234042553195
2021-11-06,63.604166666666664
2021-11-07,64.92156862745098
2021-11-08,61.93877551020408
2021-11-09,60.38636363636363
2021-11-10,66.14285714285714
2021-11-11,64.41818181818182
2021-11-12,69.5945945945946
2021-11-13,73.07692307692308
2021-11-14,53.6
2021-11-15,59.96153846153846
2021-11-16,60.870370370370374
2021-11-17,68.46
2021-11-18,53.829787234042556
2021-11-19,67.3125
2021-11-20,61.48717948717949
2021-11-21,69.48571428571428
2021-11-22,63.16279069767442
2021-11-23,66.225
2021-11-24,58.36363636363637
2021-11-25,59.56818181818182
2021-11-26,60.30769230769231
2021-11-27,66.22
2021-11-28,57.583333333333336
2021-11-29,52.81395348837209
2021-11-30,56.18181818181818
2021-12-01,73.29545454545455
2021-12-02,63.4375
2021-12-03,77.63829787234043
2021-12-04,63.61224489795919
2021-12-05,62.5
2021-12-06,58.51020408163265
2021-12-07,61.886792452830186
2021-12-08,65.30952380952381
2021-12-09,62.567567567567565
2021-12-10,57.83018867924528
2021-12-11,69.04347826086956
2021-12-12,57.285714285714285
2021-12-13,55.734693877551024
2021-12-14,62.43396226415094
2021-12-15,58.02272727272727
2021-12-16,69.8
2021-12-17,61.04761904761905
2021-12-18,61.50847457627118
2021-12-19,67.63829787234043
2021-12-20,65.22727272727273
2021-12-21,59.75
2021-12-22,63.37931034482759
2021-12-23,63.85294117647059
2021-12-24,62.925925925925924
2021-12-25,63.46
2021-12-26,60.857142857142854
2021-12-27,69.0625
2021-12-28,61.354838709677416
2021-12-29,60.765957446808514
2021-12-30,67.68888888888888
2021-12-31,67.8103448275862
2022-01-01,65.16666666666667
2022-01-02,56.7
2022-01-03,62.7
2022-01-04,67.61224489795919
2022-01-05,69.79591836734694
2022-01-06,57.93023255813954
2022-01-07,71.31818181818181
2022-01-08,57.958333333333336
2022-01-09,59.43589743589744
2022-01-10,56.13725490196079
2022-01-11,55.372093023255815
2022-01-12,54.36363636363637
2022-01-13,69.83333333333333
2022-01-14,66.26530612244898
2022-01-15,60.5
2022-01-16,60.54545454545455
2022-01-17,71.46511627906976
2022-01-18,62.89795918367347
2022-01-19,70.70175438596492
2022-01-20,61.65909090909091
2022-01-21,66.56521739130434
2022-01-22,59.54761904761905
2022-01-23,62.93617021276596
2022-01-24,71.61111111111111
2022-01-25,69.78571428571429
2022-01-26,60.53846153846154
2022-01-27,56.94230769230769
2022-01-28,74.84210526315789
2022-01-29,63.71739130434783
2022-01-30,67.63829787234043
2022-01-31,61.94871794871795
2022-02-01,57.12765957446808
2022-02-02,69.53191489361703
2022-02-03,67.98039215686275
2022-02-04,69.36585365853658
2022-02-05,68.48936170212765
2022-02-06,67.52
2022-02-07,66.70731707317073
2022-02-08,67.46153846153847
2022-02-09,68.79629629629629
2022-02-10,68.83333333333333
2022-02-11,70.375
2022-02-12,60.84444444444444
2022-02-13,60.08695652173913
2022-02-14,63.18867924528302
2022-02-15,63.170212765957444
2022-02-16,64.63636363636364
2022-02-17,64.02325581395348
2022-02-18,63.675
2022-02-19,65.76595744680851
2022-02-20,69.5
2022-02-21,65.36065573770492
2022-02-22,60.15555555555556
2022-02-23,53.09375
2022-02-24,61.595238095238095
2022-02-25,64.11111111111111
2022-02-26,65.68085106382979
2022-02-27,66.5625
2022-02-28,64.73333333333333
2022-03-01,65.29787234042553
2022-03-02,70.56410256410257
2022-03-03,62.121212121212125
2022-03-04,65.36363636363636
2022-03-05,57.355555555555554
2022-03-06,54.354838709677416
2022-03-07,63.65384615384615
2022-03-08,56.022222222222226
2022-03-09,60.32727272727273
2022-03-10,70.2051282051282
2022-03-11,68.01851851851852
2022-03-12,67.0
2022-03-13,72.4054054054054
2022-03-14,55.138888888888886
2022-03-15,65.55882352941177
2022-03-16,55.204081632653065
2022-03-17,56.51851851851852
2022-03-18,68.975
2022-03-19,55.78048780487805
2022-03-20,56.679245283018865
2022-03-21,72.29545454545455
2022-03-22,61.02
2022-03-23,59.575
2022-03-24,61.326530612244895
2022-03-25,61.588235294117645
2022-03-26,54.29545454545455
2022-03-27,68.31818181818181
2022-03-28,64.02222222222223
2022-03-29,63.52
2022-03-30,56.869565217391305
2022-03-31,69.3265306122449
2022-04-01,64.15094339622641
2022-04-02,65.39622641509433
2022-04-03,62.27777777777778
2022-04-04,67.85365853658537
2022-04-05,62.90243902439025
2022-04-06,67.36585365853658
2022-04-07,57.048780487804876
2022-04-08,62.145833333333336
2022-04-09,65.48780487804878
2022-04-10,57.61904761904762
2022-04-11,66.15384615384616
2022-04-12,64.125
2022-04-13,57.885245901639344
2022-04-14,68.66666666666667
2022-04-15,59.88095238095238
2022-04-16,66.71428571428571
2022-04-17,70.9090909090909
2022-04-18,64.53488372093024
2022-04-19,60.4
2022-04-20,65.6078431372549
2022-04-21,63.06976744186046
2022-04-22,68.0
2022-04-23,54.45454545454545
2022-04-24,61.9622641509434
2022-04-25,62.04
2022-04-26,58.979166666666664
2022-04-27,62.294117647058826
2022-04-28,71.47368421052632
2022-04-29,54.45652173913044
2022-04-30,68.61224489795919
2022-05-01,71.42222222222222
2022-05-02,55.85
2022-05-03,62.431372549019606
2022-05-04,62.80434782608695
2022-05-05,57.76315789473684
2022-05-06,64.39655172413794
2022-05-07,67.2439024390244
2022-05-08,65.75675675675676
2022-05-09,59.57142857142857
2022-05-10,61.82222222222222
2022-05-11,71.175
2022-05-12,60.520833333333336
2022-05-13,62.75555555555555
2022-05-14,63.72549019607843
2022-05-15,58.11904761904762
2022-05-16,71.32558139534883
2022-05-17,70.0
2022-05-18,58.5625
2022-05-19,67.58
2022-05-20,67.23809523809524
2022-05-21,66.38
2022-05-22,65.65384615384616
2022-05-23,63.32432432432432
2022-05-24,52.611111111111114
2022-05-25,68.6
2022-05-26,63.92727272727273
2022-05-27,59.666666666666664
2022-05-28,59.30232558139535
2022-05-29,61.714285714285715
2022-05-30,61.11538461538461
2022-05-31,66.23255813953489
2022-06-01,62.36734693877551
2022-06-02,58.891891891891895
2022-06-03,69.89583333333333
2022-06-04,59.6764705882353
2022-06-05,64.63888888888889
2022-06-06,61.729166666666664
2022-06-07,63.44444444444444
2022-06-08,69.2
2022-06-09,50.595238095238095
2022-06-10,64.0925925925926
2022-06-11,64.1875
2022-06-12,61.595238095238095
2022-06-13,62.829787234042556
2022-06-14,64.68888888888888
2022-06-15,59.86363636363637
2022-06-16,62.729729729729726
2022-06-17,70.02380952380952
2022-06-18,62.46341463414634
2022-06-19,62.10526315789474
2022-06-20,60.234042553191486
2022-06-21,50.5945945945946
2022-06-22,55.54761904761905
2022-06-23,57.372093023255815
2022-06-24,62.08888888888889
2022-06-25,58.84905660377358
2022-06-26,50.829268292682926
2022-06-27,67.02564102564102
2022-06-28,66.26829268292683
2022-06-29,58.70454545454545
2022-06-30,64.5
2022-07-01,64.02439024390245
2022-07-02,72.32
2022-07-03,59.55
2022-07-04,56.09756097560975
2022-07-05,64.62068965517241
2022-07-06,66.3030303030303
2022-07-07,65.21153846153847
2022-07-08,77.6470588235294
2022-07-09,63.09615384615385
2022-07-10,66.54761904761905
2022-07-11,63.17391304347826
2022-07-12,69.4375
2022-07-13,62.3448275862069
2022-07-14,74.76744186046511
2022-07-15,57.170212765957444
2022-07-16,59.11363636363637
2022-07-17,53.26086956521739
2022-07-18,63.72093023255814
2022-07-19,66.16666666666667
2022-07-20,59.05263157894737
2022-07-21,63.04651162790697
2022-07-22,64.35849056603773
2022-07-23,59.25
2022-07-24,52.142857142857146
2022-07-25,64.45454545454545
2022-07-26,58.57142857142857
2022-07-27,69.92307692307692
2022-07-28,56.19230769230769
2022-07-29,66.0
2022-07-30,65.5
2022-07-31,76.91666666666667
2022-08-01,72.25714285714285
2022-08-02,67.78260869565217
2022-08-03,68.95348837209302
2022-08-04,61.733333333333334
2022-08-05,66.7
2022-08-06,53.35897435897436
2022-08-07,65.10526315789474
2022-08-08,64.35
2022-08-09,60.28888888888889
2022-08-10,68.64150943396227
2022-08-11,54.59574468085106
2022-08-12,69.39024390243902
2022-08-13,61.86
2022-08-14,73.66071428571429
2022-08-15,59.8125
2022-08-16,63.76470588235294
2022-08-17,67.5
2022-08-18,74.95238095238095
2022-08-19,64.9047619047619
2022-08-20,58.886792452830186
2022-08-21,54.41304347826087
2022-08-22,63.8125
2022-08-23,63.19565217391305
2022-08-24,65.65116279069767
2022-08-25,65.48780487804878
2022-08-26,57.55555555555556
2022-08-27,65.33333333333333
2022-08-28,64.95
2022-08-29,65.7090909090909
2022-08-30,60.529411764705884
2022-08-31,63.42553191489362
2022-09-01,61.93877551020408
2022-09-02,67.95744680851064
2022-09-03,64.24489795918367
2022-09-04,69.20408163265306
2022-09-05,57.30434782608695
2022-09-06,67.05405405405405
2022-09-07,55.369565217391305
2022-09-08,61.34615384615385
2022-09-09,62.53488372093023
2022-09-10,54.714285714285715
2022-09-11,61.87755102040816
2022-09-12,63.904761904761905
2022-09-13,60.43589743589744
2022-09-14,67.75
2022-09-15,53.70909090909091
2022-09-16,65.1875
2022-09-17,60.1875
2022-09-18,72.12903225806451
2022-09-19,65.11904761904762
2022-09-20,65.54237288135593
2022-09-21,66.40677966101696
2022-09-22,61.4054054054054
2022-09-23,59.588235294117645
2022-09-24,66.575
2022-09-25,62.411764705882355
2022-09-26,60.15555555555556
2022-09-27,67.39583333333333
2022-09-28,64.36
2022-09-29,64.27450980392157
2022-09-30,61.8235294117647
2022-10-01,58.130434782608695
2022-10-02,65.32
2022-10-03,71.23076923076923
2022-10-04,61.30769230769231
2022-10-05,64.0204081632653
2022-10-06,59.74418604651163
2022-10-07,61.97727272727273
2022-10-08,56.4468085106383
2022-10-09,58.31818181818182
2022-10-10,64.31914893617021
2022-10-11,61.5609756097561
2022-10-12,58.2
2022-10-13,66.06
2022-10-14,61.95744680851064
2022-10-15,55.74418604651163
2022-10-16,57.979166666666664
2022-10-17,70.80952380952381
2022-10-18,61.333333333333336
2022-10-19,67.66666666666667
2022-10-20,62.45454545454545
2022-10-21,58.1764705882353
2022-10-22,54.666666666666664
2022-10-23,60.28888888888889
2022-10-24,62.19047619047619
2022-10-25,67.84782608695652
2022-10-26,61.64705882352941
2022-10-27,56.80434782608695
2022-10-28,68.0
2022-10-29,64.94285714285714
2022-10-30,66.82857142857142
2022-10-31,67.725
2022-11-01,62.679245283018865
2022-11-02,62.35
2022-11-03,69.03846153846153
2022-11-04,56.725
2022-11-05,54.88235294117647
2022-11-06,68.84210526315789
2022-11-07,58.660714285714285
2022-11-08,66.58490566037736
2022-11-09,57.30769230769231
2022-11-10,68.1891891891892
2022-11-11,71.05128205128206
2022-11-12,64.98245614035088
2022-11-13,69.76923076923077
2022-11-14,66.71739130434783
2022-11-15,53.407407407407405
2022-11-16,58.47826086956522
2022-11-17,59.214285714285715
2022-11-18,62.12244897959184
2022-11-19,59.575
2022-11-20,61.42857142857143
2022-11-21,60.18604651162791
2022-11-22,66.359375
2022-11-23,58.857142857142854
2022-11-24,64.04918032786885
2022-11-25,63.46153846153846
2022-11-26,70.0
2022-11-27,60.55263157894737
2022-11-28,64.68
2022-11-29,59.94736842105263
2022-11-30,63.94444444444444
2022-12-01,60.58139534883721
2022-12-02,62.6530612244898
2022-12-03,68.34693877551021
2022-12-04,59.74545454545454
2022-12-05,58.95454545454545
2022-12-06,59.18
2022-12-07,55.345454545454544
2022-12-08,61.97959183673469
2022-12-09,59.785714285714285
2022-12-10,62.89795918367347
2022-12-11,64.33333333333333
2022-12-12,48.297872340425535
2022-12-13,66.34210526315789
2022-12-14,63.041666666666664
2022-12-15,65.94915254237289
2022-12-16,54.943396226415096
2022-12-17,71.5909090909091
2022-12-18,51.458333333333336
2022-12-19,62.15625
2022-12-20,56.95238095238095
2022-12-21,56.775510204081634
2022-12-22,64.34782608695652
2022-12-23,68.52083333333333
2022-12-24,55.145833333333336
2022-12-25,58.3
2022-12-26,64.3030303030303
2022-12-27,67.04444444444445
2022-12-28,66.79545454545455
2022-12-29,60.47727272727273
2022-12-30,59.130434782608695
2022-12-31,57.61904761904762
2023-01-01,60.04255319148936
2023-01-02,56.9
2023-01-03,63.1
2023-01-04,67.8936170212766
2023-01-05,68.23214285714286
2023-01-06,55.39473684210526
2023-01-07,59.22222222222222
2023-01-08,59.55263157894737
2023-01-09,63.67391304347826
2023-01-10,63.97826086956522
2023-01-11,66.27083333333333
2023-01-12,62.49180327868852
2023-01-13,65.0
2023-01-14,58.44230769230769
2023-01-15,55.08163265306123
2023-01-16,62.47222222222222
2023-01-17,58.78947368421053
2023-01-18,63.19512195121951
2023-01-19,55.9
2023-01-20,61.62222222222222
2023-01-21,58.955555555555556
2023-01-22,53.130434782608695
2023-01-23,72.1875
2023-01-24,60.470588235294116
2023-01-25,63.02777777777778
2023-01-26,68.26415094339623
2023-01-27,63.36734693877551
2023-01-28,56.4
2023-01-29,66.83333333333333
2023-01-30,62.422222222222224
2023-01-31,57.891304347826086
2023-02-01,59.10204081632653
2023-02-02,62.138888888888886
2023-02-03,55.35294117647059
2023-02-04,61.96078431372549
2023-02-05,69.62711864406779
2023-02-06,70.79545454545455
2023-02-07,60.891304347826086
2023-02-08,62.704918032786885
2023-02-09,60.32
2023-02-10,64.8
2023-02-11,65.93181818181819
2023-02-12,62.95348837209303
2023-02-13,62.734693877551024
2023-02-14,62.857142857142854
2023-02-15,68.75925925925925
2023-02-16,62.0
2023-02-17,65.22448979591837
2023-02-18,64.2127659574468
2023-02-19,54.67391304347826
2023-02-20,65.26785714285714
2023-02-21,58.36363636363637
2023-02-22,53.638297872340424
2023-02-23,69.65957446808511
2023-02-24,63.55555555555556
2023-02-25,65.28888888888889
2023-02-26,56.04651162790697
2023-02-27,68.41666666666667
2023-02-28,63.666666666666664
2023-03-01,63.648148148148145
2023-03-02,69.17948717948718
2023-03-03,66.77272727272727
2023-03-04,56.1219512195122
2023-03-05,62.642857142857146
2023-03-06,64.9
2023-03-07,65.22727272727273
2023-03-08,69.98245614035088
2023-03-09,63.583333333333336
2023-03-10,70.54054054054055
2023-03-11,64.96296296296296
2023-03-12,58.205128205128204
2023-03-13,53.490196078431374
2023-03-14,61.7962962962963
2023-03-15,63.91379310344828
2023-03-16,72.01923076923077
2023-03-17,56.5
2023-03-18,68.0909090909091
2023-03-19,58.19444444444444
2023-03-20,57.073170731707314
2023-03-21,66.1086956521739
2023-03-22,63.325581395348834
2023-03-23,60.78
2023-03-24,68.02380952380952
2023-03-25,54.8125
2023-03-26,64.65217391304348
2023-03-27,67.62295081967213
2023-03-28,64.8048780487805
2023-03-29,53.236363636363635
2023-03-30,64.875
2023-03-31,64.0
2023-04-01,63.13953488372093
2023-04-02,62.28
2023-04-03,70.83720930232558
2023-04-04,60.51219512195122
2023-04-05,67.18367346938776
2023-04-06,59.54545454545455
2023-04-07,63.775
2023-04-08,56.5
2023-04-09,69.47727272727273
2023-04-10,59.76190476190476
2023-04-11,68.41025641025641
2023-04-12,57.09230769230769
2023-04-13,58.774193548387096
2023-04-14,58.975
2023-04-15,54.65
2023-04-16,67.0
2023-04-17,57.92
2023-04-18,70.46153846153847
2023-04-19,59.86363636363637
2023-04-20,60.977777777777774
2023-04-21,62.541666666666664
2023-04-22,59.022222222222226
2023-04-23,64.02272727272727
2023-04-24,57.744680851063826
2023-04-25,62.78378378378378
2023-04-26,56.80769230769231
2023-04-27,67.64
2023-04-28,59.5531914893617
2023-04-29,64.08888888888889
2023-04-30,61.12820512820513
2023-05-01,74.11627906976744
2023-05-02,65.4186046511628
2023-05-03,66.2051282051282
2023-05-04,66.34615384615384
2023-05-05,64.65217391304348
2023-05-06,60.872727272727275
2023-05-07,66.74468085106383
2023-05-08,62.69230769230769
2023-05-09,69.15384615384616
2023-05-10,63.95744680851064
2023-05-11,56.95348837209303
2023-05-12,64.78571428571429
2023-05-13,60.943396226415096
2023-05-14,59.895833333333336
2023-05-15,58.02777777777778
2023-05-16,64.31914893617021
2023-05-17,60.88
2023-05-18,71.5909090909091
2023-05-19,61.77272727272727
2023-05-20,66.47826086956522
2023-05-21,63.734693877551024
2023-05-22,69.27272727272727
2023-05-23,65.44680851063829
2023-05-24,68.34883720930233
2023-05-25,60.38095238095238
2023-05-26,61.611111111111114
2023-05-27,60.02325581395349
2023-05-28,62.19047619047619
2023-05-29,74.61111111111111
2023-05-30,71.85416666666667
2023-05-31,64.4186046511628
2023-06-01,61.18181818181818
2023-06-02,58.07142857142857
2023-06-03,64.45901639344262
2023-06-04,63.80434782608695
2023-06-05,64.06818181818181
2023-06-06,52.638297872340424
2023-06-07,59.2093023255814
2023-06-08,59.54545454545455
2023-06-09,57.78431372549019
2023-06-10,64.73584905660377
2023-06-11,55.61538461538461
2023-06-12,64.17948717948718
2023-06-13,64.0
2023-06-14,63.30612244897959
2023-06-15,68.54716981132076
2023-06-16,64.17021276595744
2023-06-17,64.31818181818181
2023-06-18,67.42105263157895
2023-06-19,67.74358974358974
2023-06-20,62.708333333333336
2023-06-21,54.65217391304348
2023-06-22,74.64285714285714
2023-06-23,59.08510638297872
2023-06-24,63.228070175438596
2023-06-25,76.73584905660377
2023-06-26,61.41463414634146
2023-06-27,65.30188679245283
2023-06-28,53.62162162162162
2023-06-29,71.78048780487805
2023-06-30,62.07692307692308
2023-07-01,60.8
2023-07-02,64.22448979591837
2023-07-03,58.8125
2023-07-04,60.97826086956522
2023-07-05,51.66
2023-07-06,52.2
2023-07-07,60.76470588235294
2023-07-08,54.71153846153846
2023-07-09,69.13333333333334
2023-07-10,65.09302325581395
2023-07-11,61.77777777777778
2023-07-12,73.95652173913044
2023-07-13,64.95
2023-07-14,46.47826086956522
2023-07-15,62.96153846153846
2023-07-16,55.97222222222222
2023-07-17,56.146341463414636
2023-07-18,59.101694915254235
2023-07-19,60.588235294117645
2023-07-20,59.86
2023-07-21,62.6875
2023-07-22,62.861111111111114
2023-07-23,56.630434782608695
2023-07-24,50.702127659574465
2023-07-25,59.83783783783784
2023-07-26,57.25581395348837
2023-07-27,70.76
2023-07-28,62.361111111111114
2023-07-29,68.82222222222222
2023-07-30,67.30434782608695
2023-07-31,62.4390243902439
2023-08-01,62.22222222222222
2023-08-02,62.48888888888889
2023-08-03,72.58333333333333
2023-08-04,55.741379310344826
2023-08-05,60.75609756097561
2023-08-06,62.89473684210526
2023-08-07,63.679245283018865
2023-08-08,62.121212121212125
2023-08-09,63.58536585365854
2023-08-10,62.829268292682926
2023-08-11,61.875
2023-08-12,61.73076923076923
2023-08-13,64.17307692307692
2023-08-14,67.1
2023-08-15,62.285714285714285
2023-08-16,62.5609756097561
2023-08-17,64.06976744186046
2023-08-18,62.36585365853659
2023-08-19,63.604166666666664
2023-08-20,50.12
2023-08-21,66.22222222222223
2023-08-22,65.79166666666667
2023-08-23,62.905660377358494
2023-08-24,60.22727272727273
2023-08-25,59.638297872340424
2023-08-26,62.271186440677965
2023-08-27,67.58536585365853
2023-08-28,56.516129032258064
2023-08-29,55.457142857142856
2023-08-30,67.0
2023-08-31,63.473684210526315
2023-09-01,59.41509433962264
2023-09-02,55.38235294117647
2023-09-03,57.320754716981135
2023-09-04,67.7
2023-09-05,59.829268292682926
2023-09-06,70.8913043478261
2023-09-07,62.75471698113208
2023-09-08,59.38095238095238
2023-09-09,69.59574468085107
2023-09-10,57.63157894736842
2023-09-11,64.06521739130434
2023-09-12,63.5
2023-09-13,61.17777777777778
2023-09-14,62.44
2023-09-15,76.17391304347827
2023-09-16,67.21153846153847
2023-09-17,60.765957446808514
2023-09-18,63.520833333333336
2023-09-19,67.70454545454545
2023-09-20,58.745098039215684
2023-09-21,62.55813953488372
2023-09-22,52.41025641025641
2023-09-23,61.72727272727273
2023-09-24,64.41666666666667
2023-09-25,58.24444444444445
2023-09-26,60.529411764705884
2023-09-27,52.22727272727273
2023-09-28,65.07272727272728
2023-09-29,62.95348837209303
2023-09-30,63.48076923076923
2023-10-01,62.107142857142854
2023-10-02,56.04081632653061
2023-10-03,55.68627450980392
2023-10-04,60.48076923076923
2023-10-05,66.20689655172414
2023-10-06,61.13725490196079
2023-10-07,61.58974358974359
2023-10-08,59.479166666666664
2023-10-09,64.2258064516129
2023-10-10,56.71111111111111
2023-10-11,63.023809523809526
2023-10-12,60.5
2023-10-13,60.43478260869565
2023-10-14,64.67441860465117
2023-10-15,69.3061224489796
2023-10-16,52.06666666666667
2023-10-17,64.1219512195122
2023-10-18,62.875
2023-10-19,58.075471698113205
2023-10-20,65.84615384615384
2023-10-21,68.61111111111111
2023-10-22,57.666666666666664
2023-10-23,66.4423076923077
2023-10-24,64.05128205128206
2023-10-25,61.659574468085104
2023-10-26,58.472727272727276
2023-10-27,66.6
2023-10-28,67.5
2023-10-29,65.44186046511628
2023-10-30,53.86666666666667
2023-10-31,57.041666666666664
2023-11-01,71.05714285714286
2023-11-02,66.42105263157895
2023-11-03,66.11111111111111
2023-11-04,61.65909090909091
2023-11-05,66.86538461538461
2023-11-06,56.95652173913044
2023-11-07,65.98
2023-11-08,62.62264150943396
2023-11-09,66.82857142857142
2023-11-10,63.05882352941177
2023-11-11,67.29787234042553
2023-11-12,61.906976744186046
2023-11-13,66.09375
2023-11-14,65.04081632653062
2023-11-15,59.1
2023-11-16,63.95238095238095
2023-11-17,56.62162162162162
2023-11-18,66.6086956521739
2023-11-19,61.84782608695652
2023-11-20,53.1764705882353
2023-11-21,62.93877551020408
2023-11-22,65.05882352941177
2023-11-23,59.31481481481482
2023-11-24,60.48888888888889
2023-11-25,68.77777777777777
2023-11-26,58.98148148148148
2023-11-27,71.08
2023-11-28,57.833333333333336
2023-11-29,70.62162162162163
2023-11-30,54.69387755102041
2023-12-01,63.104166666666664
2023-12-02,52.888888888888886
2023-12-03,63.25
2023-12-04,65.67441860465117
2023-12-05,60.549019607843135
2023-12-06,62.333333333333336
2023-12-07,63.5
2023-12-08,61.86363636363637
2023-12-09,59.285714285714285
2023-12-10,56.808510638297875
2023-12-11,47.75
2023-12-12,61.18181818181818
2023-12-13,63.375
2023-12-14,67.97916666666667
2023-12-15,60.50877192982456
2023-12-16,69.38636363636364
2023-12-17,70.04545454545455
2023-12-18,61.28888888888889
2023-12-19,64.66666666666667
2023-12-20,64.5
2023-12-21,58.82608695652174
2023-12-22,65.66666666666667
2023-12-23,60.958333333333336
2023-12-24,67.41935483870968
2023-12-25,61.80392156862745
2023-12-26,61.97727272727273
2023-12-27,75.91836734693878
2023-12-28,61.02325581395349
2023-12-29,66.62
2023-12-30,60.130434782608695
2023-12-31,54.43396226415094
2024-01-01,69.13636363636364
2024-01-02,61.09803921568628
2024-01-03,62.35
2024-01-04,73.375
2024-01-05,74.3170731707317
2024-01-06,64.20833333333333
2024-01-07,57.15909090909091
2024-01-08,62.588235294117645
2024-01-09,61.02439024390244
2024-01-10,63.5
2024-01-11,60.608695652173914
2024-01-12,61.4
2024-01-13,61.81818181818182
2024-01-14,59.54545454545455
2024-01-15,70.61538461538461
2024-01-16,64.97142857142858
2024-01-17,47.46511627906977
2024-01-18,67.72549019607843
2024-01-19,66.14285714285714
2024-01-20,69.17647058823529
2024-01-21,58.95744680851064
2024-01-22,70.74468085106383
2024-01-23,63.108108108108105
2024-01-24,62.24444444444445
2024-01-25,62.41025641025641
2024-01-26,66.53061224489795
2024-01-27,56.65217391304348
2024-01-28,61.8
2024-01-29,64.41176470588235
2024-01-30,64.76
2024-01-31,59.86363636363637
2024-02-01,63.82142857142857
2024-02-02,63.464285714285715
2024-02-03,62.61904761904762
2024-02-04,57.95454545454545
2024-02-05,64.52307692307693
2024-02-06,74.8125
2024-02-07,62.646153846153844
2024-02-08,60.91836734693877
2024-02-09,55.891304347826086
2024-02-10,65.71153846153847
2024-02-11,64.1951219512195
2024-02-12,59.07692307692308
2024-02-13,60.541666666666664
2024-02-14,55.46666666666667
2024-02-15,63.95652173913044
2024-02-16,63.96491228070175
2024-02-17,66.5
2024-02-18,51.214285714285715
2024-02-19,62.108695652173914
2024-02-20,77.83333333333333
2024-02-21,62.36585365853659
2024-02-22,59.854166666666664
2024-02-23,58.170212765957444
2024-02-24,65.3265306122449
2024-02-25,63.90909090909091
2024-02-26,65.51020408163265
2024-02-27,55.0
2024-02-28,65.55319148936171
2024-02-29,62.121212121212125
2024-03-01,65.27272727272727
2024-03-02,67.0576923076923
2024-03-03,52.921052631578945
2024-03-04,56.59615384615385
2024-03-05,65.66666666666667
2024-03-06,63.95918367346939
2024-03-07,60.6578947368421
2024-03-08,56.97872340425532
2024-03-09,60.10344827586207
2024-03-10,51.15217391304348
2024-03-11,68.16279069767442
2024-03-12,58.702127659574465
2024-03-13,72.72916666666667
2024-03-14,62.020833333333336
2024-03-15,50.833333333333336
2024-03-16,61.88235294117647
2024-03-17,68.32692307692308
2024-03-18,66.80357142857143
2024-03-19,65.83823529411765
2024-03-20,62.25
2024-03-21,61.43333333333333
2024-03-22,58.630434782608695
2024-03-23,65.26666666666667
2024-03-24,59.95454545454545
2024-03-25,64.27450980392157
2024-03-26,56.458333333333336
2024-03-27,59.791666666666664
2024-03-28,67.02325581395348
2024-03-29,62.093023255813954
2024-03-30,62.674418604651166
2024-03-31,62.56818181818182
2024-04-01,64.89583333333333
2024-04-02,67.84210526315789
2024-04-03,63.42553191489362
2024-04-04,62.91304347826087
2024-04-05,62.27272727272727
2024-04-06,69.69047619047619
2024-04-07,69.54166666666667
2024-04-08,56.8448275862069
2024-04-09,59.34782608695652
2024-04-10,54.567567567567565
2024-04-11,56.3921568627451
2024-04-12,62.607142857142854
2024-04-13,56.31481481481482
2024-04-14,66.5
2024-04-15,69.425
2024-04-16,66.6590909090909
2024-04-17,64.8695652173913
2024-04-18,56.62162162162162
2024-04-19,62.61363636363637
2024-04-20,60.48936170212766
2024-04-21,64.72727272727273
2024-04-22,67.4047619047619
2024-04-23,57.729166666666664
2024-04-24,60.52173913043478
2024-04-25,69.11111111111111
2024-04-26,62.85964912280702
2024-04-27,59.85294117647059
2024-04-28,58.345454545454544
2024-04-29,63.625
2024-04-30,52.47727272727273
2024-05-01,62.95652173913044
2024-05-02,51.61538461538461
2024-05-03,59.108108108108105
2024-05-04,66.14814814814815
2024-05-05,54.93939393939394
2024-05-06,69.32758620689656
2024-05-07,57.91111111111111
2024-05-08,68.53846153846153
2024-05-09,67.59375
2024-05-10,54.53488372093023
2024-05-11,69.90196078431373
2024-05-12,57.645833333333336
2024-05-13,59.34782608695652
2024-05-14,53.03030303030303
2024-05-15,57.45238095238095
2024-05-16,66.96296296296296
2024-05-17,67.38775510204081
2024-05-18,58.517857142857146
2024-05-19,60.666666666666664
2024-05-20,60.13636363636363
2024-05-21,62.62222222222222
2024-05-22,62.916666666666664
2024-05-23,55.542857142857144
2024-05-24,70.6
2024-05-25,66.5952380952381
2024-05-26,71.08823529411765
2024-05-27,67.51219512195122
2024-05-28,55.372093023255815
2024-05-29,60.733333333333334
2024-05-30,68.19607843137256
2024-05-31,63.023809523809526
2024-06-01,65.05263157894737
2024-06-02,64.22
2024-06-03,59.857142857142854
2024-06-04,62.58064516129032
2024-06-05,63.054054054054056
2024-06-06,61.84782608695652
2024-06-07,62.73529411764706
2024-06-08,63.61904761904762
2024-06-09,57.48837209302326
2024-06-10,71.05714285714286
2024-06-11,61.59375
2024-06-12,57.5
2024-06-13,57.611111111111114
2024-06-14,62.04761904761905
2024-06-15,56.82
2024-06-16,63.84313725490196
2024-06-17,52.905660377358494
2024-06-18,55.40425531914894
2024-06-19,59.95744680851064
2024-06-20,67.59677419354838
2024-06-21,70.08571428571429
2024-06-22,63.07272727272727
2024-06-23,67.74358974358974
2024-06-24,58.08510638297872
2024-06-25,59.55555555555556
2024-06-26,59.46666666666667
2024-06-27,66.17391304347827
2024-06-28,58.18867924528302
2024-06-29,57.388888888888886
2024-06-30,53.23255813953488
2024-07-01,61.93181818181818
2024-07-02,64.33333333333333
2024-07-03,68.63636363636364
2024-07-04,71.77358490566037
2024-07-05,60.03921568627451
2024-07-06,70.6774193548387
2024-07-07,56.18
2024-07-08,66.5909090909091
2024-07-09,59.829787234042556
2024-07-10,59.411764705882355
2024-07-11,58.5
2024-07-12,62.142857142857146
2024-07-13,62.62222222222222
2024-07-14,65.82142857142857
2024-07-15,59.49122807017544
2024-07-16,62.03703703703704
2024-07-17,54.86
2024-07-18,63.320754716981135
2024-07-19,69.66666666666667
2024-07-20,69.17307692307692
2024-07-21,66.61224489795919
2024-07-22,64.86486486486487
2024-07-23,63.2037037037037
2024-07-24,61.51162790697674
2024-07-25,62.5
2024-07-26,69.52941176470588
2024-07-27,70.13513513513513
2024-07-28,69.07317073170732
2024-07-29,64.60416666666667
2024-07-30,73.57142857142857
2024-07-31,70.46938775510205
2024-08-01,61.15555555555556
2024-08-02,61.175438596491226
2024-08-03,66.12068965517241
2024-08-04,65.27272727272727
2024-08-05,64.44
2024-08-06,58.333333333333336
2024-08-07,60.34
2024-08-08,60.21052631578947
2024-08-09,61.666666666666664
2024-08-10,64.925
2024-08-11,56.6
2024-08-12,62.0
2024-08-13,61.58974358974359
2024-08-14,57.205128205128204
2024-08-15,61.041666666666664
2024-08-16,57.4390243902439
2024-08-17,64.6923076923077
2024-08-18,62.08510638297872
2024-08-19,66.8936170212766
2024-08-20,58.078947368421055
2024-08-21,55.4
2024-08-22,68.9622641509434
2024-08-23,71.67391304347827
2024-08-24,56.75
2024-08-25,57.58
2024-08-26,67.26415094339623
2024-08-27,73.68085106382979
2024-08-28,64.61904761904762
2024-08-29,64.5945945945946
2024-08-30,58.80487804878049
2024-08-31,64.83018867924528
2024-09-01,59.48717948717949
2024-09-02,61.175438596491226
2024-09-03,67.16666666666667
2024-09-04,61.370370370370374
2024-09-05,67.19607843137256
2024-09-06,66.13636363636364
2024-09-07,53.48780487804878
2024-09-08,61.51063829787234
2024-09-09,70.26829268292683
2024-09-10,62.214285714285715
2024-09-11,64.43396226415095
2024-09-12,74.37209302325581
2024-09-13,66.71428571428571
2024-09-14,67.68181818181819
2024-09-15,71.76470588235294
2024-09-16,66.10909090909091
2024-09-17,65.08823529411765
2024-09-18,59.907407407407405
2024-09-19,61.354838709677416
2024-09-20,68.11111111111111
2024-09-21,51.2093023255814
2024-09-22,63.765957446808514
2024-09-23,53.27450980392157
2024-09-24,60.13333333333333
2024-09-25,62.34615384615385
2024-09-26,53.325
2024-09-27,61.630434782608695
2024-09-28,66.02564102564102
2024-09-29,59.69090909090909
2024-09-30,69.4423076923077
2024-10-01,66.3
2024-10-02,63.28947368421053
2024-10-03,65.3170731707317
2024-10-04,71.08510638297872
2024-10-05,55.891304347826086
2024-10-06,51.64102564102564
2024-10-07,59.432432432432435
2024-10-08,63.1063829787234
2024-10-09,57.97959183673469
2024-10-10,58.44827586206897
2024-10-11,62.15909090909091
2024-10-12,56.297872340425535
2024-10-13,54.8421052631579
2024-10-14,63.3
2024-10-15,57.943396226415096
2024-10-16,63.577777777777776
2024-10-17,61.629629629629626
2024-10-18,63.671875
2024-10-19,62.610169491525426
2024-10-20,69.92307692307692
2024-10-21,67.65
2024-10-22,59.42553191489362
2024-10-23,65.02222222222223
2024-10-24,54.82692307692308
2024-10-25,68.25
2024-10-26,58.44444444444444
2024-10-27,55.34090909090909
2024-10-28,66.97826086956522
2024-10-29,61.375
2024-10-30,61.16326530612245
2024-10-31,57.55769230769231
2024-11-01,59.729166666666664
2024-11-02,66.44
2024-11-03,57.27272727272727
2024-11-04,60.708333333333336
2024-11-05,56.13513513513514
2024-11-06,57.333333333333336
2024-11-07,65.51282051282051
2024-11-08,64.025
2024-11-09,67.26666666666667
2024-11-10,60.28888888888889
2024-11-11,55.142857142857146
2024-11-12,55.58139534883721
2024-11-13,62.450980392156865
2024-11-14,58.3469387755102
2024-11-15,62.46511627906977
2024-11-16,66.16363636363636
2024-11-17,61.608695652173914
2024-11-18,56.37837837837838
2024-11-19,51.75
2024-11-20,58.38297872340426
2024-11-21,62.7906976744186
2024-11-22,66.625
2024-11-23,60.733333333333334
2024-11-24,64.62
2024-11-25,61.787234042553195
2024-11-26,67.0
2024-11-27,58.775
2024-11-28,65.88235294117646
2024-11-29,68.6304347826087
2024-11-30,57.54
2024-12-01,64.25
2024-12-02,64.1304347826087
2024-12-03,69.54347826086956
2024-12-04,61.40909090909091
2024-12-05,66.11904761904762
2024-12-06,64.91489361702128
2024-12-07,67.3157894736842
2024-12-08,60.62222222222222
2024-12-09,65.62264150943396
2024-12-10,70.8125
2024-12-11,56.853658536585364
2024-12-12,58.979166666666664
2024-12-13,50.175
2024-12-14,57.12765957446808
2024-12-15,60.78333333333333
2024-12-16,57.6
2024-12-17,65.91304347826087
2024-12-18,60.10344827586207
2024-12-19,65.26315789473684
2024-12-20,69.97368421052632
2024-12-21,67.15384615384616
2024-12-22,66.8529411764706
2024-12-23,66.15
2024-12-24,63.77272727272727
2024-12-25,58.404761904761905
2024-12-26,57.04347826086956
2024-12-27,56.71111111111111
2024-12-28,63.01923076923077
2024-12-29,59.04
2024-12-30,61.2
2024-12-31,59.229166666666664
2025-01-01,71.03508771929825
2025-01-02,71.95744680851064
2025-01-03,63.0
2025-01-04,68.70212765957447
2025-01-05,60.714285714285715
2025-01-06,60.02173913043478
2025-01-07,69.175
2025-01-08,65.62790697674419
2025-01-09,61.44642857142857
2025-01-10,70.64285714285714
2025-01-11,68.72093023255815
2025-01-12,69.82352941176471
2025-01-13,59.24074074074074
2025-01-14,61.8
2025-01-15,50.93181818181818
2025-01-16,60.755102040816325
2025-01-17,68.70967741935483
2025-01-18,65.3913043478261
2025-01-19,64.08510638297872
2025-01-20,64.3695652173913
2025-01-21,64.77777777777777
2025-01-22,70.46938775510205
2025-01-23,60.355555555555554
2025-01-24,62.32
2025-01-25,66.02564102564102
2025-01-26,62.3
2025-01-27,59.113207547169814
2025-01-28,61.1875
2025-01-29,58.62222222222222
2025-01-30,68.70370370370371
2025-01-31,65.47619047619048
2025-02-01,65.88636363636364
2025-02-02,64.13157894736842
2025-02-03,60.125
2025-02-04,61.21739130434783
2025-02-05,63.291666666666664
2025-02-06,69.375
2025-02-07,58.479166666666664
2025-02-08,63.80434782608695
2025-02-09,59.093023255813954
2025-02-10,70.16981132075472
2025-02-11,60.0
2025-02-12,60.58974358974359
2025-02-13,61.71153846153846
2025-02-14,67.33962264150944
2025-02-15,61.01851851851852
2025-02-16,63.6
2025-02-17,61.38297872340426
2025-02-18,68.0
2025-02-19,63.90384615384615
2025-02-20,67.30357142857143
2025-02-21,66.8936170212766
2025-02-22,60.86666666666667
2025-02-23,65.93478260869566
2025-02-24,64.95
2025-02-25,59.31818181818182
2025-02-26,56.142857142857146
2025-02-27,61.702127659574465
2025-02-28,57.6
2025-03-01,64.69767441860465
2025-03-02,69.6
2025-03-03,62.04545454545455
2025-03-04,59.64
2025-03-05,59.90196078431372
2025-03-06,58.45454545454545
2025-03-07,62.0
2025-03-08,53.07142857142857
2025-03-09,59.21153846153846
2025-03-10,70.02325581395348
2025-03-11,63.47727272727273
2025-03-12,67.98039215686275
2025-03-13,63.714285714285715
2025-03-14,65.27272727272727
2025-03-15,69.16666666666667
2025-03-16,63.130434782608695
2025-03-17,62.43636363636364
2025-03-18,57.9
2025-03-19,60.029411764705884
2025-03-20,61.755102040816325
2025-03-21,66.73170731707317
2025-03-22,66.7
2025-03-23,63.125
2025-03-24,59.24528301886792
2025-03-25,62.955555555555556
2025-03-26,59.39622641509434
2025-03-27,64.5
2025-03-28,61.90909090909091
2025-03-29,70.66666666666667
2025-03-30,61.91489361702128
2025-03-31,69.17543859649123
2025-04-01,60.81132075471698
2025-04-02,56.5945945945946
2025-04-03,59.22727272727273
2025-04-04,64.31111111111112
2025-04-05,57.02564102564103
2025-04-06,65.65454545454546
2025-04-07,67.47169811320755
2025-04-08,64.6304347826087
2025-04-09,64.87096774193549
2025-04-10,69.14
2025-04-11,61.48
2025-04-12,71.48717948717949
2025-04-13,70.45714285714286
2025-04-14,59.1063829787234
2025-04-15,70.33333333333333
2025-04-16,64.5
2025-04-17,62.395348837209305
2025-04-18,60.55555555555556
2025-04-19,63.63636363636363
2025-04-20,44.83783783783784
2025-04-21,65.86486486486487
2025-04-22,58.916666666666664
2025-04-23,60.319148936170215
2025-04-24,56.93617021276596
2025-04-25,60.23684210526316
2025-04-26,68.3061224489796
2025-04-27,66.68
2025-04-28,59.486486486486484
2025-04-29,76.88135593220339
2025-04-30,53.73529411764706
2025-05-01,57.26190476190476
2025-05-02,64.92307692307692
2025-05-03,60.75438596491228
2025-05-04,65.27027027027027
2025-05-05,63.627450980392155
2025-05-06,64.06666666666666
2025-05-07,61.095238095238095
2025-05-08,65.71794871794872
2025-05-09,65.92682926829268
2025-05-10,61.234042553191486
2025-05-11,65.66666666666667
2025-05-12,64.38888888888889
2025-05-13,75.47619047619048
2025-05-14,65.18604651162791
2025-05-15,55.906976744186046
2025-05-16,65.6923076923077
2025-05-17,60.625
2025-05-18,56.98148148148148
2025-05-19,61.475
2025-05-20,55.906976744186046
2025-05-21,59.28947368421053
2025-05-22,53.486486486486484
2025-05-23,62.023809523809526
2025-05-24,67.56862745098039
2025-05-25,61.75675675675676
2025-05-26,55.47826086956522
2025-05-27,64.59649122807018
2025-05-28,65.79166666666667
2025-05-29,63.148936170212764
2025-05-30,60.5
2025-05-31,70.87179487179488
2025-06-01,67.85714285714286
2025-06-02,64.12727272727273
2025-06-03,55.53846153846154
2025-06-04,66.8108108108108
2025-06-05,61.883720930232556
2025-06-06,60.84782608695652
2025-06-07,69.95121951219512
2025-06-08,57.73684210526316
2025-06-09,65.86363636363636
2025-06-10,68.19047619047619
2025-06-11,57.36
2025-06-12,67.76190476190476
2025-06-13,63.71052631578947
2025-06-14,64.09836065573771
2025-06-15,66.52272727272727
2025-06-16,58.68292682926829
2025-06-17,63.05128205128205
2025-06-18,72.19047619047619
2025-06-19,70.45238095238095
2025-06-20,71.06818181818181
2025-06-21,55.6
2025-06-22,71.7090909090909
2025-06-23,67.05454545454545
2025-06-24,56.56410256410256
2025-06-25,69.02380952380952
2025-06-26,59.89473684210526
2025-06-27,59.24444444444445
2025-06-28,63.51428571428571
2025-06-29,63.63414634146341
2025-06-30,66.39024390243902
2025-07-01,61.32608695652174
2025-07-02,54.83673469387755
2025-07-03,64.18867924528301
2025-07-04,63.93617021276596
2025-07-05,67.15625
2025-07-06,53.867924528301884
2025-07-07,65.61363636363636
2025-07-08,59.891304347826086
2025-07-09,61.369565217391305
2025-07-10,60.666666666666664
2025-07-11,42.4390243902439
2025-07-12,64.33333333333333
2025-07-13,64.26
2025-07-14,59.294117647058826
2025-07-15,64.48484848484848
2025-07-16,60.69387755102041
2025-07-17,64.55
2025-07-18,63.0
2025-07-19,63.027027027027025
2025-07-20,65.02083333333333
2025-07-21,60.92857142857143
2025-07-22,66.78846153846153
2025-07-23,62.30952380952381
2025-07-24,66.625
2025-07-25,57.50877192982456
2025-07-26,62.523809523809526
2025-07-27,72.16
2025-07-28,51.19047619047619
2025-07-29,64.36734693877551
2025-07-30,76.27027027027027
2025-07-31,64.11320754716981
2025-08-01,69.28205128205128
2025-08-02,69.03636363636363
2025-08-03,63.035714285714285
2025-08-04,58.8
2025-08-05,66.47058823529412
2025-08-06,65.83928571428571
2025-08-07,61.041666666666664
2025-08-08,67.925
2025-08-09,63.09756097560975
2025-08-10,58.36363636363637
2025-08-11,65.96774193548387
2025-08-12,61.21951219512195
2025-08-13,61.529411764705884
2025-08-14,58.95
2025-08-15,74.2909090909091
2025-08-16,70.12
2025-08-17,59.794871794871796
2025-08-18,62.407407407407405
2025-08-19,68.29629629629629
2025-08-20,61.625
2025-08-21,63.79245283018868
2025-08-22,66.70833333333333
2025-08-23,54.04347826086956
2025-08-24,58.25396825396825
2025-08-25,59.95238095238095
2025-08-26,67.39655172413794
2025-08-27,63.583333333333336
2025-08-28,60.108695652173914
2025-08-29,59.204081632653065
2025-08-30,57.87234042553192
2025-08-31,69.0
2025-09-01,64.4375
2025-09-02,61.578947368421055
2025-09-03,64.88095238095238
2025-09-04,67.0
2025-09-05,59.24528301886792
2025-09-06,58.75
2025-09-07,62.93023255813954
2025-09-08,68.09433962264151
2025-09-09,58.23913043478261
2025-09-10,57.2
2025-09-11,52.57142857142857
2025-09-12,66.95348837209302
2025-09-13,63.58
2025-09-14,59.93478260869565
2025-09-15,62.642857142857146
2025-09-16,61.01923076923077
2025-09-17,63.0
2025-09-18,60.32608695652174
2025-09-19,53.6
2025-09-20,60.05555555555556
2025-09-21,59.11538461538461
2025-09-22,63.074074074074076
2025-09-23,59.07843137254902
2025-09-24,63.083333333333336
2025-09-25,58.9375
2025-09-26,69.56603773584905
2025-09-27,64.13513513513513
2025-09-28,60.82222222222222
2025-09-29,66.12244897959184
2025-09-30,68.74358974358974
2025-10-01,63.725
2025-10-02,68.01724137931035
2025-10-03,56.407407407407405
2025-10-04,56.48780487804878
2025-10-05,60.42857142857143
2025-10-06,62.45283018867924
2025-10-07,62.857142857142854
2025-10-08,64.36206896551724
2025-10-09,64.39285714285714
2025-10-10,57.82692307692308
2025-10-11,58.520833333333336
2025-10-12,66.38095238095238
2025-10-13,59.142857142857146
2025-10-14,62.53191489361702
2025-10-15,62.35
2025-10-16,70.4375
2025-10-17,57.59701492537314
2025-10-18,63.84615384615385
2025-10-19,66.93181818181819
2025-10-20,65.57692307692308
2025-10-21,59.21153846153846
2025-10-22,62.609756097560975
2025-10-23,70.23809523809524
2025-10-24,62.94
2025-10-25,63.13333333333333
2025-10-26,67.28888888888889
2025-10-27,69.25454545454545
2025-10-28,64.85416666666667
2025-10-29,58.53846153846154
2025-10-30,60.38636363636363
2025-10-31,66.22222222222223
2025-11-01,64.625
2025-11-02,65.575
2025-11-03,61.3125
2025-11-04,55.0
2025-11-05,62.4
2025-11-06,65.22857142857143
2025-11-07,68.48780487804878
2025-11-08,61.916666666666664
2025-11-09,68.71052631578948
2025-11-10,65.08108108108108
2025-11-11,68.52
2025-11-12,59.48717948717949
2025-11-13,56.833333333333336
2025-11-14,57.2
2025-11-15,62.875
2025-11-16,61.12903225806452
2025-11-17,68.53488372093024
2025-11-18,52.743589743589745
2025-11-19,60.71666666666667
2025-11-20,64.1086956521739
2025-11-21,67.97368421052632
2025-11-22,72.4
2025-11-23,72.02564102564102
2025-11-24,61.8125
2025-11-25,65.68085106382979
2025-11-26,63.88
2025-11-27,65.29545454545455
2025-11-28,67.3030303030303
2025-11-29,60.526315789473685
2025-11-30,61.93617021276596
2025-12-01,66.3859649122807
2025-12-02,57.28333333333333
2025-12-03,68.75757575757575
2025-12-04,70.22
2025-12-05,67.21621621621621
2025-12-06,56.1764705882353
2025-12-07,61.75
2025-12-08,52.97826086956522
2025-12-09,58.5625
2025-12-10,56.829268292682926
2025-12-11,59.666666666666664
2025-12-12,51.903225806451616
2025-12-13,63.883720930232556
2025-12-14,60.629629629629626
2025-12-15,69.8695652173913
2025-12-16,57.56410256410256
2025-12-17,65.75
2025-12-18,52.11764705882353
2025-12-19,59.392857142857146
2025-12-20,58.40350877192982
2025-12-21,59.0
2025-12-22,62.31818181818182
2025-12-23,60.86046511627907
2025-12-24,70.6304347826087
2025-12-25,65.28947368421052
2025-12-26,69.14285714285714
2025-12-27,67.68888888888888
2025-12-28,61.97826086956522
2025-12-29,67.72093023255815
2025-12-30,68.46808510638297
2025-12-31,60.03921568627451
