date,patient_arrivals,bed_demand,icu_occupancy,dept_load
2020-01-01,39,79.98,10.42,39
2020-01-02,50,78.04,10.4,50
2020-01-03,43,76.08,9.86,43
2020-01-04,46,80.08,10.62,46
2020-01-05,57,85.54,11.08,57
2020-01-06,57,79.7,10.14,57
2020-01-07,56,69.16,9.4,56
2020-01-08,59,86.0,10.62,59
2020-01-09,58,78.52,10.18,58
2020-01-10,57,77.76,10.02,57
2020-01-11,51,76.86,10.64,51
2020-01-12,33,71.58,9.68,33
2020-01-13,56,75.84,9.42,56
2020-01-14,42,74.12,9.06,42
2020-01-15,49,77.76,10.32,49
2020-01-16,53,83.46,10.3,53
2020-01-17,55,70.04,9.46,55
2020-01-18,52,76.86,9.8,52
2020-01-19,44,76.84,9.4,44
2020-01-20,49,75.2,10.06,49
2020-01-21,57,75.42,9.52,57
2020-01-22,48,77.96,10.54,48
2020-01-23,49,77.48,9.82,49
2020-01-24,42,76.82,9.8,42
2020-01-25,47,79.26,10.3,47
2020-01-26,56,78.34,9.86,56
2020-01-27,44,81.58,10.34,44
2020-01-28,38,79.86,10.44,38
2020-01-29,49,76.88,10.04,49
2020-01-30,37,79.62,10.56,37
2020-01-31,54,73.38,9.44,54
2020-02-01,55,81.16,11.0,55
2020-02-02,46,74.68,9.24,46
2020-02-03,47,75.48,9.62,47
2020-02-04,59,71.28,9.92,59
2020-02-05,42,69.42,9.12,42
2020-02-06,37,80.32,10.98,37
2020-02-07,44,74.0,9.6,44
2020-02-08,57,81.42,10.5,57
2020-02-09,48,74.04,9.36,48
2020-02-10,53,83.0,10.82,53
2020-02-11,50,79.04,10.36,50
2020-02-12,35,81.78,10.32,35
2020-02-13,43,76.78,10.56,43
2020-02-14,44,78.56,10.34,44
2020-02-15,44,74.02,9.02,44
2020-02-16,54,86.48,10.52,54
2020-02-17,56,81.7,11.04,56
2020-02-18,41,78.98,9.92,41
2020-02-19,60,77.28,9.82,60
2020-02-20,48,83.42,11.08,48
2020-02-21,45,78.88,10.54,45
2020-02-22,44,78.0,9.6,44
2020-02-23,40,73.8,10.32,40
2020-02-24,44,80.96,10.18,44
2020-02-25,54,78.9,9.98,54
2020-02-26,38,73.56,9.62,38
2020-02-27,40,76.12,10.04,40
2020-02-28,45,76.44,10.16,45
2020-02-29,53,78.44,10.24,53
2020-03-01,47,80.52,10.98,47
2020-03-02,45,75.42,9.1,45
2020-03-03,34,79.48,10.36,34
2020-03-04,54,76.06,9.6,54
2020-03-05,54,77.42,9.56,54
2020-03-06,38,77.24,10.62,38
2020-03-07,50,75.72,10.18,50
2020-03-08,46,76.26,9.34,46
2020-03-09,45,75.32,10.18,45
2020-03-10,37,75.56,10.28,37
2020-03-11,44,71.4,9.52,44
2020-03-12,36,73.02,8.58,36
2020-03-13,49,76.16,10.04,49
2020-03-14,51,81.52,10.3,51
2020-03-15,30,74.94,9.34,30
2020-03-16,48,73.3,9.62,48
2020-03-17,46,83.2,10.9,46
2020-03-18,47,70.8,9.58,47
2020-03-19,46,77.1,10.5,46
2020-03-20,40,77.2,10.44,40
2020-03-21,44,76.44,10.16,44
2020-03-22,52,73.94,10.22,52
2020-03-23,55,76.1,10.36,55
2020-03-24,51,74.88,9.76,51
2020-03-25,50,80.84,10.42,50
2020-03-26,44,75.8,9.78,44
2020-03-27,48,76.14,10.16,48
2020-03-28,52,76.52,10.14,52
2020-03-29,33,77.64,10.22,33
2020-03-30,50,77.46,10.5,50
2020-03-31,48,73.76,9.92,48
2020-04-01,40,79.3,10.08,40
2020-04-02,40,73.92,9.58,40
2020-04-03,41,68.4,9.12,41
2020-04-04,42,72.52,8.92,42
2020-04-05,48,74.7,9.92,48
2020-04-06,48,79.96,10.42,48
2020-04-07,39,76.04,10.26,39
2020-04-08,44,82.06,10.22,44
2020-04-09,54,74.34,9.96,54
2020-04-10,46,75.94,9.84,46
2020-04-11,47,72.64,9.38,47
2020-04-12,56,76.7,10.2,56
2020-04-13,38,77.68,10.06,38
2020-04-14,46,75.3,10.36,46
2020-04-15,34,75.92,9.96,34
2020-04-16,50,78.68,10.7,50
2020-04-17,49,75.94,10.04,49
2020-04-18,40,68.04,9.32,40
2020-04-19,46,76.66,9.78,46
2020-04-20,43,73.86,9.16,43
2020-04-21,37,76.78,9.96,37
2020-04-22,51,77.72,10.16,51
2020-04-23,45,80.28,10.38,45
2020-04-24,52,75.34,9.86,52
2020-04-25,40,71.3,9.62,40
2020-04-26,41,80.68,11.3,41
2020-04-27,48,81.02,11.24,48
2020-04-28,36,81.76,10.3,36
2020-04-29,45,72.4,9.98,45
2020-04-30,52,76.8,9.58,52
2020-05-01,45,75.88,9.56,45
2020-05-02,46,83.22,10.46,46
2020-05-03,48,79.66,10.16,48
2020-05-04,45,80.16,10.78,45
2020-05-05,63,73.46,9.2,63
2020-05-06,44,72.96,9.28,44
2020-05-07,39,85.9,11.14,39
2020-05-08,40,70.98,9.3,40
2020-05-09,50,77.48,10.06,50
2020-05-10,58,76.96,9.8,58
2020-05-11,52,75.78,10.08,52
2020-05-12,48,75.08,10.04,48
2020-05-13,43,73.68,9.48,43
2020-05-14,41,74.02,9.52,41
2020-05-15,41,73.86,9.68,41
2020-05-16,59,77.62,10.02,59
2020-05-17,38,77.32,9.88,38
2020-05-18,53,80.52,10.48,53
2020-05-19,51,76.68,9.68,51
2020-05-20,45,75.62,10.24,45
2020-05-21,52,77.76,9.54,52
2020-05-22,53,77.36,9.9,53
2020-05-23,46,84.78,11.36,46
2020-05-24,31,64.24,7.94,31
2020-05-25,41,77.48,10.12,41
2020-05-26,55,75.8,10.2,55
2020-05-27,47,78.08,9.88,47
2020-05-28,43,73.42,8.66,43
2020-05-29,45,74.4,9.62,45
2020-05-30,39,77.9,10.12,39
2020-05-31,45,76.8,10.12,45
2020-06-01,32,77.76,9.16,32
2020-06-02,45,79.84,10.42,45
2020-06-03,33,76.7,9.96,33
2020-06-04,45,81.5,10.68,45
2020-06-05,43,76.36,10.06,43
2020-06-06,45,76.62,9.22,45
2020-06-07,47,72.56,9.24,47
2020-06-08,35,75.54,9.7,35
2020-06-09,52,76.22,9.98,52
2020-06-10,32,74.18,9.58,32
2020-06-11,37,79.0,10.12,37
2020-06-12,50,74.24,9.34,50
2020-06-13,42,77.56,10.28,42
2020-06-14,53,79.74,10.56,53
2020-06-15,46,83.64,10.8,46
2020-06-16,48,77.18,10.16,48
2020-06-17,49,75.26,10.22,49
2020-06-18,51,77.44,10.12,51
2020-06-19,53,73.96,10.62,53
2020-06-20,51,78.84,10.7,51
2020-06-21,39,77.78,10.14,39
2020-06-22,50,77.9,10.56,50
2020-06-23,39,77.38,9.58,39
2020-06-24,30,75.88,9.6,30
2020-06-25,56,78.34,10.12,56
2020-06-26,50,74.42,9.5,50
2020-06-27,39,78.64,10.84,39
2020-06-28,46,80.82,10.26,46
2020-06-29,38,72.2,8.84,38
2020-06-30,44,76.66,10.06,44
2020-07-01,55,75.16,10.38,55
2020-07-02,41,77.58,9.88,41
2020-07-03,38,74.18,8.78,38
2020-07-04,57,75.38,9.84,57
2020-07-05,42,77.02,11.02,42
2020-07-06,49,75.64,10.5,49
2020-07-07,37,76.24,10.06,37
2020-07-08,39,78.36,10.56,39
2020-07-09,55,73.76,9.36,55
2020-07-10,49,74.84,9.4,49
2020-07-11,40,80.78,10.82,40
2020-07-12,36,71.36,9.48,36
2020-07-13,58,72.16,10.34,58
2020-07-14,35,78.86,9.58,35
2020-07-15,43,74.2,10.26,43
2020-07-16,41,72.36,9.82,41
2020-07-17,48,75.5,10.36,48
2020-07-18,38,76.76,9.98,38
2020-07-19,38,80.72,10.68,38
2020-07-20,46,77.8,10.24,46
2020-07-21,58,76.64,9.38,58
2020-07-22,48,80.0,10.72,48
2020-07-23,53,79.38,10.46,53
2020-07-24,42,77.0,9.62,42
2020-07-25,54,73.16,9.62,54
2020-07-26,48,69.26,8.84,48
2020-07-27,40,79.72,9.66,40
2020-07-28,35,79.9,10.4,35
2020-07-29,38,76.52,10.74,38
2020-07-30,47,76.12,9.8,47
2020-07-31,40,75.4,9.84,40
2020-08-01,49,74.34,9.86,49
2020-08-02,57,78.08,10.7,57
2020-08-03,42,76.04,10.96,42
2020-08-04,39,78.48,10.0,39
2020-08-05,49,72.06,9.36,49
2020-08-06,50,74.5,9.18,50
2020-08-07,47,79.74,10.54,47
2020-08-08,51,75.82,9.98,51
2020-08-09,41,79.64,10.3,41
2020-08-10,49,76.5,10.28,49
2020-08-11,49,76.52,10.46,49
2020-08-12,37,77.28,9.76,37
2020-08-13,37,73.02,9.66,37
2020-08-14,56,81.06,10.52,56
2020-08-15,46,76.42,10.02,46
2020-08-16,52,84.06,11.46,52
2020-08-17,49,71.22,9.9,49
2020-08-18,44,76.64,10.36,44
2020-08-19,52,77.22,10.58,52
2020-08-20,48,78.58,9.76,48
2020-08-21,49,82.52,10.46,49
2020-08-22,33,69.56,8.96,33
2020-08-23,53,74.96,9.86,53
2020-08-24,41,80.58,10.52,41
2020-08-25,57,82.74,10.02,57
2020-08-26,40,78.04,10.38,40
2020-08-27,38,83.22,11.06,38
2020-08-28,51,78.5,10.36,51
2020-08-29,43,78.16,9.64,43
2020-08-30,43,77.5,10.22,43
2020-08-31,44,79.2,10.6,44
2020-09-01,35,76.32,10.2,35
2020-09-02,39,80.6,11.14,39
2020-09-03,45,72.98,9.88,45
2020-09-04,34,76.0,10.64,34
2020-09-05,44,79.96,10.6,44
2020-09-06,49,81.74,10.72,49
2020-09-07,42,74.54,9.98,42
2020-09-08,37,71.66,9.48,37
2020-09-09,56,83.96,10.26,56
2020-09-10,47,77.62,9.86,47
2020-09-11,35,76.08,10.38,35
2020-09-12,51,84.26,10.7,51
2020-09-13,55,74.86,9.96,55
2020-09-14,50,82.52,10.14,50
2020-09-15,37,82.26,10.94,37
2020-09-16,54,74.84,8.74,54
2020-09-17,46,83.18,10.22,46
2020-09-18,51,72.08,9.36,51
2020-09-19,52,72.82,9.62,52
2020-09-20,51,72.78,9.06,51
2020-09-21,42,75.68,10.2,42
2020-09-22,50,78.2,10.42,50
2020-09-23,55,74.34,9.82,55
2020-09-24,47,76.9,10.36,47
2020-09-25,43,77.18,10.1,43
2020-09-26,51,73.62,9.62,51
2020-09-27,44,79.7,9.92,44
2020-09-28,40,77.64,9.94,40
2020-09-29,40,74.58,10.18,40
2020-09-30,46,76.34,9.64,46
2020-10-01,48,80.6,10.92,48
2020-10-02,45,80.1,10.92,45
2020-10-03,43,79.28,10.48,43
2020-10-04,55,79.76,9.82,55
2020-10-05,56,71.64,9.34,56
2020-10-06,50,69.74,9.54,50
2020-10-07,35,77.54,9.84,35
2020-10-08,40,79.42,10.36,40
2020-10-09,50,78.92,11.38,50
2020-10-10,28,82.04,10.34,28
2020-10-11,43,74.34,9.3,43
2020-10-12,54,76.98,9.94,54
2020-10-13,35,71.62,9.64,35
2020-10-14,57,80.34,10.42,57
2020-10-15,56,76.9,9.98,56
2020-10-16,44,75.94,10.06,44
2020-10-17,56,79.9,10.08,56
2020-10-18,40,73.82,10.06,40
2020-10-19,51,75.54,10.16,51
2020-10-20,49,83.5,10.68,49
2020-10-21,34,76.4,9.86,34
2020-10-22,44,75.58,9.94,44
2020-10-23,55,82.0,10.4,55
2020-10-24,42,79.36,10.08,42
2020-10-25,41,74.92,9.4,41
2020-10-26,53,75.78,9.94,53
2020-10-27,41,72.76,9.24,41
2020-10-28,47,86.2,10.88,47
2020-10-29,47,73.46,9.3,47
2020-10-30,42,73.94,9.52,42
2020-10-31,41,79.38,10.74,41
2020-11-01,47,82.04,10.16,47
2020-11-02,44,78.0,10.22,44
2020-11-03,46,73.92,9.7,46
2020-11-04,60,77.72,10.52,60
2020-11-05,56,74.52,10.08,56
2020-11-06,45,76.72,9.68,45
2020-11-07,52,80.42,10.68,52
2020-11-08,27,75.16,10.26,27
2020-11-09,50,76.22,9.82,50
2020-11-10,42,69.96,9.28,42
2020-11-11,45,78.86,10.54,45
2020-11-12,54,75.06,9.76,54
2020-11-13,56,72.92,9.26,56
2020-11-14,47,76.94,9.28,47
2020-11-15,43,75.1,10.06,43
2020-11-16,53,73.42,9.64,53
2020-11-17,40,76.36,9.48,40
2020-11-18,44,75.16,9.8,44
2020-11-19,52,77.24,10.42,52
2020-11-20,62,72.1,9.12,62
2020-11-21,47,75.24,9.18,47
2020-11-22,52,77.12,9.86,52
2020-11-23,39,78.28,10.56,39
2020-11-24,34,79.08,9.94,34
2020-11-25,50,78.98,10.3,50
2020-11-26,39,78.12,10.04,39
2020-11-27,49,77.36,10.14,49
2020-11-28,35,83.24,10.08,35
2020-11-29,37,76.14,10.04,37
2020-11-30,41,80.88,10.92,41
2020-12-01,46,67.4,9.16,46
2020-12-02,51,77.94,10.2,51
2020-12-03,36,75.1,10.04,36
2020-12-04,33,76.26,10.16,33
2020-12-05,45,77.1,9.88,45
2020-12-06,37,73.62,9.66,37
2020-12-07,47,73.88,10.14,47
2020-12-08,45,76.6,9.92,45
2020-12-09,40,78.72,10.36,40
2020-12-10,40,82.34,11.04,40
2020-12-11,47,70.96,9.22,47
2020-12-12,57,72.18,9.56,57
2020-12-13,42,76.48,9.52,42
2020-12-14,42,75.06,9.76,42
2020-12-15,44,75.74,9.62,44
2020-12-16,51,78.38,10.58,51
2020-12-17,58,74.64,9.56,58
2020-12-18,37,80.68,10.52,37
2020-12-19,54,76.88,9.42,54
2020-12-20,40,75.14,9.74,40
2020-12-21,49,81.72,10.62,49
2020-12-22,51,78.04,10.04,51
2020-12-23,45,77.12,9.82,45
2020-12-24,50,77.76,10.46,50
2020-12-25,40,76.18,9.84,40
2020-12-26,46,81.92,10.84,46
2020-12-27,45,81.1,10.26,45
2020-12-28,45,79.9,10.72,45
2020-12-29,49,75.48,9.68,49
2020-12-30,32,77.3,10.28,32
2020-12-31,51,78.48,9.96,51
2021-01-01,55,73.62,9.88,55
2021-01-02,55,77.44,9.94,55
2021-01-03,53,76.2,9.8,53
2021-01-04,36,79.5,10.52,36
2021-01-05,40,82.82,10.96,40
2021-01-06,44,81.44,10.5,44
2021-01-07,60,82.58,10.08,60
2021-01-08,39,74.62,9.8,39
2021-01-09,47,81.26,10.94,47
2021-01-10,44,80.86,10.36,44
2021-01-11,53,72.84,9.68,53
2021-01-12,46,78.98,10.34,46
2021-01-13,47,80.08,10.04,47
2021-01-14,49,70.96,8.74,49
2021-01-15,50,69.44,8.86,50
2021-01-16,58,84.66,10.68,58
2021-01-17,33,78.68,9.76,33
2021-01-18,36,81.58,10.92,36
2021-01-19,53,76.06,10.86,53
2021-01-20,48,71.08,8.86,48
2021-01-21,42,74.66,9.98,42
2021-01-22,52,75.78,9.66,52
2021-01-23,45,76.98,10.46,45
2021-01-24,56,75.54,10.1,56
2021-01-25,38,80.22,9.98,38
2021-01-26,52,66.82,9.32,52
2021-01-27,33,72.0,10.0,33
2021-01-28,42,75.92,9.72,42
2021-01-29,51,77.28,9.76,51
2021-01-30,40,76.88,10.5,40
2021-01-31,44,76.9,9.96,44
2021-02-01,48,79.04,10.28,48
2021-02-02,59,77.88,9.28,59
2021-02-03,44,74.38,9.4,44
2021-02-04,45,81.14,10.0,45
2021-02-05,47,80.4,10.38,47
2021-02-06,45,77.84,10.24,45
2021-02-07,48,74.8,9.82,48
2021-02-08,51,82.46,11.02,51
2021-02-09,38,81.42,10.08,38
2021-02-10,57,77.04,10.54,57
2021-02-11,43,79.64,10.06,43
2021-02-12,52,73.12,9.52,52
2021-02-13,58,74.9,9.24,58
2021-02-14,32,81.68,11.32,32
2021-02-15,46,76.18,9.28,46
2021-02-16,34,84.32,11.22,34
2021-02-17,49,84.52,11.14,49
2021-02-18,46,76.72,10.02,46
2021-02-19,42,78.84,10.96,42
2021-02-20,47,77.54,9.92,47
2021-02-21,49,80.34,10.34,49
2021-02-22,54,75.88,10.2,54
2021-02-23,50,83.0,10.6,50
2021-02-24,48,76.06,9.98,48
2021-02-25,41,70.34,9.66,41
2021-02-26,54,77.86,10.32,54
2021-02-27,46,75.3,9.26,46
2021-02-28,38,78.5,10.22,38
2021-03-01,51,81.46,10.36,51
2021-03-02,42,72.62,9.84,42
2021-03-03,34,76.02,10.5,34
2021-03-04,56,79.2,10.04,56
2021-03-05,42,67.74,8.58,42
2021-03-06,53,75.26,9.28,53
2021-03-07,53,82.78,10.52,53
2021-03-08,45,83.58,11.04,45
2021-03-09,42,76.56,9.82,42
2021-03-10,44,81.4,10.88,44
2021-03-11,49,84.86,10.42,49
2021-03-12,39,82.68,10.8,39
2021-03-13,45,74.78,9.6,45
2021-03-14,35,72.48,9.38,35
2021-03-15,50,76.36,10.14,50
2021-03-16,35,80.02,10.34,35
2021-03-17,37,74.8,9.92,37
2021-03-18,48,74.1,9.56,48
2021-03-19,39,73.3,9.6,39
2021-03-20,39,81.2,10.7,39
2021-03-21,45,75.44,10.12,45
2021-03-22,40,80.22,11.12,40
2021-03-23,46,75.84,10.28,46
2021-03-24,47,72.16,9.42,47
2021-03-25,37,74.78,10.02,37
2021-03-26,41,84.34,10.3,41
2021-03-27,53,81.48,10.5,53
2021-03-28,37,73.5,9.56,37
2021-03-29,35,72.88,9.66,35
2021-03-30,48,75.46,9.4,48
2021-03-31,53,76.18,9.66,53
2021-04-01,40,78.34,10.42,40
2021-04-02,48,73.54,9.14,48
2021-04-03,60,73.48,10.12,60
2021-04-04,40,73.26,9.5,40
2021-04-05,50,72.06,9.14,50
2021-04-06,43,76.0,10.04,43
2021-04-07,38,76.6,10.52,38
2021-04-08,36,76.7,10.22,36
2021-04-09,50,75.42,10.22,50
2021-04-10,49,80.8,10.34,49
2021-04-11,41,74.76,9.94,41
2021-04-12,51,80.7,10.48,51
2021-04-13,64,77.66,10.0,64
2021-04-14,48,76.92,10.42,48
2021-04-15,45,81.02,10.56,45
2021-04-16,47,70.94,9.0,47
2021-04-17,40,84.18,11.08,40
2021-04-18,48,80.04,10.32,48
2021-04-19,51,77.94,9.58,51
2021-04-20,48,77.4,10.54,48
2021-04-21,40,80.9,10.12,40
2021-04-22,49,75.22,9.26,49
2021-04-23,44,81.98,10.8,44
2021-04-24,62,71.1,9.04,62
2021-04-25,41,75.84,10.14,41
2021-04-26,55,78.54,9.38,55
2021-04-27,47,78.24,9.64,47
2021-04-28,47,77.2,9.58,47
2021-04-29,44,80.72,9.92,44
2021-04-30,37,77.5,10.04,37
2021-05-01,29,76.96,9.64,29
2021-05-02,50,70.78,9.26,50
2021-05-03,47,80.9,10.42,47
2021-05-04,47,81.64,10.56,47
2021-05-05,44,82.28,10.42,44
2021-05-06,38,82.68,11.0,38
2021-05-07,37,82.6,10.02,37
2021-05-08,52,79.02,10.34,52
2021-05-09,54,79.56,10.6,54
2021-05-10,46,79.84,10.28,46
2021-05-11,43,75.82,9.82,43
2021-05-12,47,76.56,10.44,47
2021-05-13,42,75.54,9.4,42
2021-05-14,39,75.52,9.58,39
2021-05-15,46,82.04,10.44,46
2021-05-16,50,70.66,10.12,50
2021-05-17,45,82.14,11.1,45
2021-05-18,39,74.2,9.58,39
2021-05-19,42,75.06,9.84,42
2021-05-20,53,80.62,10.22,53
2021-05-21,39,75.98,9.96,39
2021-05-22,41,73.52,9.32,41
2021-05-23,43,75.66,9.56,43
2021-05-24,53,78.1,9.64,53
2021-05-25,43,79.78,9.98,43
2021-05-26,40,74.36,9.54,40
2021-05-27,51,78.52,10.5,51
2021-05-28,37,83.26,10.48,37
2021-05-29,45,78.02,9.76,45
2021-05-30,52,83.32,10.2,52
2021-05-31,45,76.82,9.86,45
2021-06-01,60,73.5,9.46,60
2021-06-02,41,78.06,10.44,41
2021-06-03,45,76.22,10.14,45
2021-06-04,37,82.8,10.56,37
2021-06-05,61,73.7,10.28,61
2021-06-06,34,83.76,10.44,34
2021-06-07,35,76.38,10.34,35
2021-06-08,48,72.64,9.48,48
2021-06-09,54,76.1,9.62,54
2021-06-10,45,75.78,9.9,45
2021-06-11,57,80.46,10.84,57
2021-06-12,44,72.02,9.26,44
2021-06-13,43,79.4,10.62,43
2021-06-14,52,72.06,9.1,52
2021-06-15,38,77.66,10.2,38
2021-06-16,49,82.06,10.94,49
2021-06-17,37,77.0,10.12,37
2021-06-18,46,82.54,10.34,46
2021-06-19,41,77.88,10.34,41
2021-06-20,35,78.36,9.58,35
2021-06-21,39,80.02,10.16,39
2021-06-22,54,79.48,10.34,54
2021-06-23,47,80.04,9.92,47
2021-06-24,49,75.84,9.98,49
2021-06-25,45,76.1,9.82,45
2021-06-26,43,78.44,9.72,43
2021-06-27,36,81.34,10.42,36
2021-06-28,66,72.66,9.8,66
2021-06-29,40,84.08,11.12,40
2021-06-30,44,85.4,10.76,44
2021-07-01,43,79.1,9.9,43
2021-07-02,48,72.96,9.38,48
2021-07-03,50,75.68,9.84,50
2021-07-04,57,85.1,10.58,57
2021-07-05,57,67.6,8.62,57
2021-07-06,53,81.14,10.14,53
2021-07-07,51,77.46,9.82,51
2021-07-08,39,79.22,9.98,39
2021-07-09,57,79.14,9.7,57
2021-07-10,53,79.48,10.04,53
2021-07-11,39,76.74,9.96,39
2021-07-12,39,79.86,10.24,39
2021-07-13,35,80.9,10.42,35
2021-07-14,49,75.28,10.02,49
2021-07-15,46,68.56,9.14,46
2021-07-16,46,82.8,10.92,46
2021-07-17,48,74.58,9.9,48
2021-07-18,43,74.18,10.12,43
2021-07-19,40,76.44,10.1,40
2021-07-20,45,79.36,10.04,45
2021-07-21,43,73.74,9.2,43
2021-07-22,39,74.7,9.78,39
2021-07-23,45,78.72,10.22,45
2021-07-24,68,77.6,10.38,68
2021-07-25,37,76.52,9.82,37
2021-07-26,41,78.84,10.32,41
2021-07-27,39,75.06,9.6,39
2021-07-28,34,75.84,10.28,34
2021-07-29,50,81.98,10.84,50
2021-07-30,45,74.3,9.66,45
2021-07-31,47,72.6,9.58,47
2021-08-01,42,81.92,10.68,42
2021-08-02,46,85.32,10.5,46
2021-08-03,44,74.28,9.36,44
2021-08-04,51,73.08,8.98,51
2021-08-05,52,75.28,9.86,52
2021-08-06,49,76.04,10.34,49
2021-08-07,42,80.46,10.18,42
2021-08-08,38,80.92,9.98,38
2021-08-09,48,74.68,9.68,48
2021-08-10,45,78.56,10.42,45
2021-08-11,49,80.88,10.78,49
2021-08-12,39,76.36,10.14,39
2021-08-13,31,81.2,10.94,31
2021-08-14,50,75.04,9.24,50
2021-08-15,51,74.68,9.68,51
2021-08-16,42,74.7,9.72,42
2021-08-17,58,74.84,9.86,58
2021-08-18,51,78.98,10.56,51
2021-08-19,41,91.76,11.2,41
2021-08-20,39,76.4,10.2,39
2021-08-21,43,72.2,9.48,43
2021-08-22,38,72.78,9.66,38
2021-08-23,43,74.96,9.46,43
2021-08-24,44,72.82,9.72,44
2021-08-25,41,74.14,9.1,41
2021-08-26,63,71.94,9.04,63
2021-08-27,53,70.88,8.74,53
2021-08-28,46,72.24,9.2,46
2021-08-29,47,83.96,11.02,47
2021-08-30,36,75.4,9.84,36
2021-08-31,45,71.32,9.04,45
2021-09-01,58,74.76,9.68,58
2021-09-02,43,79.98,10.6,43
2021-09-03,51,74.28,9.7,51
2021-09-04,49,73.92,9.38,49
2021-09-05,41,75.3,9.58,41
2021-09-06,40,75.6,9.66,40
2021-09-07,50,79.56,10.0,50
2021-09-08,45,78.32,10.3,45
2021-09-09,48,77.3,10.3,48
2021-09-10,27,73.72,9.76,27
2021-09-11,43,83.76,11.46,43
2021-09-12,40,78.04,10.52,40
2021-09-13,49,78.94,10.22,49
2021-09-14,40,74.48,9.42,40
2021-09-15,43,77.22,9.96,43
2021-09-16,42,76.22,9.7,42
2021-09-17,45,84.9,10.62,45
2021-09-18,39,80.44,10.0,39
2021-09-19,43,75.44,10.42,43
2021-09-20,47,78.12,10.02,47
2021-09-21,48,76.76,10.28,48
2021-09-22,56,78.16,10.68,56
2021-09-23,40,82.24,10.16,40
2021-09-24,49,76.02,9.52,49
2021-09-25,40,80.18,10.02,40
2021-09-26,47,77.98,10.04,47
2021-09-27,45,77.68,10.42,45
2021-09-28,50,72.8,9.32,50
2021-09-29,58,75.12,10.22,58
2021-09-30,39,75.96,10.0,39
2021-10-01,42,79.1,10.32,42
2021-10-02,44,71.58,10.42,44
2021-10-03,53,75.54,9.9,53
2021-10-04,44,81.26,10.58,44
2021-10-05,48,68.82,8.44,48
2021-10-06,42,73.56,9.72,42
2021-10-07,58,70.5,9.24,58
2021-10-08,54,78.52,10.42,54
2021-10-09,32,77.64,9.66,32
2021-10-10,47,77.84,9.78,47
2021-10-11,40,78.82,10.26,40
2021-10-12,42,80.44,10.04,42
2021-10-13,46,74.36,9.54,46
2021-10-14,52,81.58,10.28,52
2021-10-15,43,82.06,10.14,43
2021-10-16,52,82.24,11.44,52
2021-10-17,42,78.34,10.76,42
2021-10-18,39,74.6,9.66,39
2021-10-19,44,78.46,10.18,44
2021-10-20,53,72.96,9.04,53
2021-10-21,39,74.56,9.98,39
2021-10-22,57,74.38,9.8,57
2021-10-23,49,84.2,11.56,49
2021-10-24,55,73.2,9.34,55
2021-10-25,47,78.4,9.8,47
2021-10-26,45,71.08,9.38,45
2021-10-27,46,79.32,10.3,46
2021-10-28,48,84.06,11.12,48
2021-10-29,52,76.86,10.04,52
2021-10-30,50,78.7,10.0,50
2021-10-31,49,75.22,9.22,49
2021-11-01,41,83.62,10.82,41
2021-11-02,46,78.5,9.38,46
2021-11-03,36,72.54,9.5,36
2021-11-04,54,78.98,10.2,54
2021-11-05,47,77.76,9.92,47
2021-11-06,41,80.92,10.76,41
2021-11-07,46,68.7,8.48,46
2021-11-08,44,81.64,10.72,44
2021-11-09,53,76.12,9.82,53
2021-11-10,45,80.9,10.92,45
2021-11-11,42,75.56,9.26,42
2021-11-12,43,75.08,10.0,43
2021-11-13,36,73.14,10.06,36
2021-11-14,43,73.18,9.4,43
2021-11-15,57,75.64,10.46,57
2021-11-16,45,70.78,9.0,45
2021-11-17,37,82.38,10.78,37
2021-11-18,46,72.18,9.58,46
2021-11-19,46,73.96,9.2,46
2021-11-20,36,74.82,9.82,36
2021-11-21,51,80.28,10.5,51
2021-11-22,40,80.5,10.36,40
2021-11-23,44,81.66,9.96,44
2021-11-24,57,75.62,9.74,57
2021-11-25,39,73.8,9.8,39
2021-11-26,40,75.22,9.58,40
2021-11-27,45,73.64,10.04,45
2021-11-28,33,78.86,10.28,33
2021-11-29,49,76.04,10.0,49
2021-11-30,52,80.92,10.72,52
2021-12-01,42,79.62,10.6,42
2021-12-02,51,80.42,10.26,51
2021-12-03,43,80.02,10.54,43
2021-12-04,47,81.1,10.72,47
2021-12-05,47,79.96,10.12,47
2021-12-06,51,74.88,10.4,51
2021-12-07,39,73.08,9.36,39
2021-12-08,42,78.26,9.76,42
2021-12-09,46,78.7,10.18,46
2021-12-10,40,77.7,10.44,40
2021-12-11,46,75.92,9.76,46
2021-12-12,51,78.18,10.2,51
2021-12-13,55,77.16,10.72,55
2021-12-14,44,74.82,9.66,44
2021-12-15,42,79.64,10.88,42
2021-12-16,47,74.94,9.46,47
2021-12-17,43,81.2,10.76,43
2021-12-18,38,81.44,10.24,38
2021-12-19,39,71.56,9.48,39
2021-12-20,49,74.06,9.98,49
2021-12-21,53,75.0,9.66,53
2021-12-22,52,75.92,9.7,52
2021-12-23,47,78.24,9.62,47
2021-12-24,43,73.12,9.3,43
2021-12-25,46,72.18,9.12,46
2021-12-26,46,77.86,10.58,46
2021-12-27,48,79.44,10.12,48
2021-12-28,49,75.2,9.78,49
2021-12-29,42,71.32,9.02,42
2021-12-30,36,74.5,10.32,36
2021-12-31,34,85.74,11.66,34
2022-01-01,44,75.28,9.36,44
2022-01-02,33,76.88,9.92,33
2022-01-03,40,76.42,9.96,40
2022-01-04,48,73.74,9.72,48
2022-01-05,45,70.96,9.64,45
2022-01-06,33,75.4,9.66,33
2022-01-07,48,73.24,9.42,48
2022-01-08,44,76.16,9.68,44
2022-01-09,50,73.34,10.02,50
2022-01-10,49,74.84,9.94,49
2022-01-11,47,77.86,10.02,47
2022-01-12,47,78.8,10.94,47
2022-01-13,48,78.18,10.7,48
2022-01-14,46,67.5,8.34,46
2022-01-15,46,75.88,10.16,46
2022-01-16,65,74.14,9.76,65
2022-01-17,34,77.86,10.56,34
2022-01-18,45,80.08,9.86,45
2022-01-19,55,75.76,10.42,55
2022-01-20,41,75.66,10.0,41
2022-01-21,51,79.16,9.98,51
2022-01-22,33,71.6,9.5,33
2022-01-23,36,79.7,10.22,36
2022-01-24,54,70.74,9.56,54
2022-01-25,47,73.78,9.48,47
2022-01-26,47,78.9,10.08,47
2022-01-27,45,80.5,10.44,45
2022-01-28,42,71.44,9.62,42
2022-01-29,30,75.06,9.86,30
2022-01-30,38,74.86,9.82,38
2022-01-31,34,79.22,10.22,34
2022-02-01,48,81.34,10.66,48
2022-02-02,55,79.46,10.16,55
2022-02-03,38,75.5,9.88,38
2022-02-04,41,75.48,9.68,41
2022-02-05,45,74.28,10.48,45
2022-02-06,39,75.78,10.52,39
2022-02-07,56,72.04,9.78,56
2022-02-08,41,78.24,9.68,41
2022-02-09,44,79.02,9.7,44
2022-02-10,42,86.94,11.44,42
2022-02-11,43,73.16,9.58,43
2022-02-12,45,76.92,10.14,45
2022-02-13,43,80.76,10.44,43
2022-02-14,37,77.28,10.7,37
2022-02-15,49,75.98,9.96,49
2022-02-16,54,72.58,9.2,54
2022-02-17,41,75.58,10.34,41
2022-02-18,57,88.2,11.3,57
2022-02-19,37,76.16,9.72,37
2022-02-20,51,82.0,10.38,51
2022-02-21,40,78.78,10.56,40
2022-02-22,52,75.66,10.14,52
2022-02-23,38,81.44,10.34,38
2022-02-24,57,78.8,9.72,57
2022-02-25,45,77.54,10.48,45
2022-02-26,52,76.72,10.4,52
2022-02-27,40,75.64,9.84,40
2022-02-28,40,71.54,9.54,40
2022-03-01,46,80.16,10.3,46
2022-03-02,54,75.2,9.5,54
2022-03-03,43,80.2,10.82,43
2022-03-04,42,73.86,9.46,42
2022-03-05,40,77.52,10.22,40
2022-03-06,57,78.92,9.98,57
2022-03-07,53,79.74,9.6,53
2022-03-08,52,77.64,9.98,52
2022-03-09,58,73.62,9.54,58
2022-03-10,53,71.8,9.66,53
2022-03-11,52,74.32,9.92,52
2022-03-12,40,74.0,10.0,40
2022-03-13,41,78.46,10.18,41
2022-03-14,51,72.4,9.16,51
2022-03-15,37,76.88,9.76,37
2022-03-16,35,78.0,10.14,35
2022-03-17,38,77.98,9.9,38
2022-03-18,39,78.02,9.9,39
2022-03-19,38,76.44,9.68,38
2022-03-20,50,72.1,9.1,50
2022-03-21,36,76.84,10.62,36
2022-03-22,42,81.42,11.28,42
2022-03-23,45,75.3,9.8,45
2022-03-24,47,76.9,9.86,47
2022-03-25,37,77.32,10.3,37
2022-03-26,49,80.1,10.76,49
2022-03-27,40,72.82,9.94,40
2022-03-28,46,81.58,10.6,46
2022-03-29,49,76.34,9.14,49
2022-03-30,47,74.94,9.7,47
2022-03-31,44,79.36,10.52,44
2022-04-01,34,80.48,10.16,34
2022-04-02,46,76.18,10.66,46
2022-04-03,42,78.94,10.6,42
2022-04-04,41,77.88,9.94,41
2022-04-05,47,77.66,10.28,47
2022-04-06,48,78.58,9.94,48
2022-04-07,47,88.6,11.06,47
2022-04-08,40,78.96,9.62,40
2022-04-09,39,70.42,9.88,39
2022-04-10,54,78.38,9.96,54
2022-04-11,39,74.26,10.04,39
2022-04-12,44,77.1,10.38,44
2022-04-13,41,79.9,10.28,41
2022-04-14,42,78.2,10.0,42
2022-04-15,46,75.6,10.14,46
2022-04-16,33,76.0,9.88,33
2022-04-17,51,78.54,10.12,51
2022-04-18,60,77.9,10.06,60
2022-04-19,41,73.82,9.66,41
2022-04-20,32,78.84,10.94,32
2022-04-21,43,74.14,9.44,43
2022-04-22,44,72.18,9.38,44
2022-04-23,42,78.18,9.94,42
2022-04-24,54,79.26,9.78,54
2022-04-25,43,76.14,10.26,43
2022-04-26,43,77.76,9.72,43
2022-04-27,49,82.44,10.72,49
2022-04-28,43,76.0,9.76,43
2022-04-29,46,76.6,9.9,46
2022-04-30,47,72.84,9.12,47
2022-05-01,49,77.0,10.24,49
2022-05-02,42,74.86,10.04,42
2022-05-03,59,74.02,9.44,59
2022-05-04,55,76.46,10.16,55
2022-05-05,46,72.94,9.38,46
2022-05-06,37,69.74,8.88,37
2022-05-07,56,78.34,10.3,56
2022-05-08,34,76.22,9.5,34
2022-05-09,63,75.56,10.2,63
2022-05-10,30,74.58,9.3,30
2022-05-11,52,77.98,10.4,52
2022-05-12,46,75.24,9.96,46
2022-05-13,56,73.4,10.02,56
2022-05-14,39,71.64,9.44,39
2022-05-15,41,77.38,9.66,41
2022-05-16,50,72.4,9.36,50
2022-05-17,44,79.24,10.64,44
2022-05-18,53,78.46,10.08,53
2022-05-19,47,74.7,9.94,47
2022-05-20,51,86.66,10.7,51
2022-05-21,45,75.08,9.32,45
2022-05-22,49,80.1,10.42,49
2022-05-23,47,80.46,10.56,47
2022-05-24,46,81.24,10.44,46
2022-05-25,40,75.88,9.48,40
2022-05-26,56,73.7,9.9,56
2022-05-27,49,82.34,10.4,49
2022-05-28,58,78.54,10.94,58
2022-05-29,41,74.78,9.86,41
2022-05-30,52,76.24,9.72,52
2022-05-31,46,75.98,9.14,46
2022-06-01,44,80.54,10.62,44
2022-06-02,38,76.98,10.28,38
2022-06-03,46,75.14,10.04,46
2022-06-04,32,74.26,9.44,32
2022-06-05,48,77.94,10.64,48
2022-06-06,56,80.12,10.56,56
2022-06-07,49,79.32,9.8,49
2022-06-08,45,74.72,9.02,45
2022-06-09,32,71.14,8.96,32
2022-06-10,39,84.12,10.7,39
2022-06-11,42,71.08,9.28,42
2022-06-12,44,74.06,9.78,44
2022-06-13,34,75.4,10.1,34
2022-06-14,51,70.98,8.78,51
2022-06-15,47,75.86,10.22,47
2022-06-16,48,79.14,10.02,48
2022-06-17,52,81.5,10.56,52
2022-06-18,40,78.56,10.02,40
2022-06-19,36,77.06,10.22,36
2022-06-20,40,78.36,9.88,40
2022-06-21,70,74.54,9.82,70
2022-06-22,50,75.22,9.68,50
2022-06-23,31,74.44,9.74,31
2022-06-24,46,72.06,9.12,46
2022-06-25,48,76.82,10.2,48
2022-06-26,46,80.86,10.24,46
2022-06-27,43,78.8,10.44,43
2022-06-28,43,73.04,9.08,43
2022-06-29,41,75.18,9.46,41
2022-06-30,39,68.14,9.54,39
2022-07-01,49,75.48,9.72,49
2022-07-02,35,69.32,8.66,35
2022-07-03,36,75.72,9.86,36
2022-07-04,63,85.66,10.92,63
2022-07-05,41,78.12,10.02,41
2022-07-06,47,77.16,9.62,47
2022-07-07,47,72.58,9.7,47
2022-07-08,30,77.26,9.8,30
2022-07-09,49,68.8,9.08,49
2022-07-10,49,75.08,9.5,49
2022-07-11,50,71.44,9.68,50
2022-07-12,36,74.2,9.98,36
2022-07-13,52,76.32,9.44,52
2022-07-14,54,84.88,11.56,54
2022-07-15,46,75.62,9.78,46
2022-07-16,49,75.08,10.0,49
2022-07-17,49,78.34,9.84,49
2022-07-18,47,81.46,10.0,47
2022-07-19,44,83.66,10.76,44
2022-07-20,40,75.42,9.96,40
2022-07-21,48,78.5,9.98,48
2022-07-22,61,79.9,10.72,61
2022-07-23,32,80.68,10.98,32
2022-07-24,43,75.8,9.88,43
2022-07-25,45,69.8,9.22,45
2022-07-26,43,79.64,10.8,43
2022-07-27,48,83.74,11.26,48
2022-07-28,60,74.72,9.46,60
2022-07-29,47,81.42,11.14,47
2022-07-30,50,79.62,10.58,50
2022-07-31,33,79.54,9.76,33
2022-08-01,29,80.76,10.9,29
2022-08-02,38,73.12,10.02,38
2022-08-03,42,79.84,9.76,42
2022-08-04,44,75.4,9.38,44
2022-08-05,47,77.78,10.54,47
2022-08-06,42,75.36,9.88,42
2022-08-07,36,76.72,9.82,36
2022-08-08,54,77.72,10.46,54
2022-08-09,38,76.88,10.04,38
2022-08-10,44,73.82,10.24,44
2022-08-11,44,80.18,10.26,44
2022-08-12,55,77.38,9.76,55
2022-08-13,33,78.38,10.4,33
2022-08-14,45,80.32,10.52,45
2022-08-15,52,79.84,10.96,52
2022-08-16,55,77.42,10.14,55
2022-08-17,55,79.34,10.04,55
2022-08-18,49,83.12,10.92,49
2022-08-19,49,79.54,10.68,49
2022-08-20,45,77.44,10.36,45
2022-08-21,40,73.58,9.12,40
2022-08-22,42,80.92,11.22,42
2022-08-23,42,73.86,9.98,42
2022-08-24,39,81.28,10.16,39
2022-08-25,39,75.26,9.46,39
2022-08-26,48,72.6,9.7,48
2022-08-27,46,77.46,9.94,46
2022-08-28,54,78.52,10.22,54
2022-08-29,53,72.9,9.8,53
2022-08-30,45,73.9,9.98,45
2022-08-31,36,82.8,10.8,36
2022-09-01,45,73.9,9.32,45
2022-09-02,36,77.26,9.6,36
2022-09-03,43,71.92,9.44,43
2022-09-04,37,75.92,9.92,37
2022-09-05,43,77.04,10.48,43
2022-09-06,53,79.56,10.0,53
2022-09-07,43,77.74,9.66,43
2022-09-08,51,83.78,10.7,51
2022-09-09,36,78.56,10.26,36
2022-09-10,44,74.54,9.56,44
2022-09-11,53,82.44,10.58,53
2022-09-12,53,73.42,9.52,53
2022-09-13,50,70.92,9.84,50
2022-09-14,54,76.74,9.82,54
2022-09-15,47,78.64,9.9,47
2022-09-16,50,76.26,9.84,50
2022-09-17,39,73.28,9.66,39
2022-09-18,45,78.28,10.42,45
2022-09-19,45,74.12,9.52,45
2022-09-20,49,79.34,10.1,49
2022-09-21,38,74.76,9.38,38
2022-09-22,48,73.9,9.36,48
2022-09-23,52,78.88,10.44,52
2022-09-24,34,79.24,10.54,34
2022-09-25,37,84.7,10.56,37
2022-09-26,54,79.36,10.24,54
2022-09-27,37,70.34,9.08,37
2022-09-28,40,67.62,8.66,40
2022-09-29,37,78.84,10.46,37
2022-09-30,40,85.46,11.22,40
2022-10-01,43,79.7,10.48,43
2022-10-02,47,74.04,9.96,47
2022-10-03,41,72.34,9.04,41
2022-10-04,42,75.94,9.9,42
2022-10-05,41,74.78,10.04,41
2022-10-06,46,76.54,10.18,46
2022-10-07,45,73.56,8.9,45
2022-10-08,51,78.46,10.0,51
2022-10-09,37,74.6,9.52,37
2022-10-10,43,80.4,10.58,43
2022-10-11,39,82.82,10.32,39
2022-10-12,49,82.6,10.4,49
2022-10-13,54,75.36,9.66,54
2022-10-14,56,81.68,10.5,56
2022-10-15,42,72.12,8.62,42
2022-10-16,41,79.14,10.54,41
2022-10-17,58,83.96,11.06,58
2022-10-18,53,75.26,9.58,53
2022-10-19,54,73.64,9.76,54
2022-10-20,51,77.66,10.24,51
2022-10-21,60,75.9,10.04,60
2022-10-22,49,85.3,10.94,49
2022-10-23,45,73.58,9.44,45
2022-10-24,45,79.64,10.52,45
2022-10-25,56,78.2,10.1,56
2022-10-26,49,76.7,10.48,49
2022-10-27,55,75.96,9.52,55
2022-10-28,40,79.92,10.32,40
2022-10-29,48,72.58,9.46,48
2022-10-30,47,76.38,9.48,47
2022-10-31,40,82.4,11.32,40
2022-11-01,47,76.58,10.28,47
2022-11-02,43,74.94,9.98,43
2022-11-03,44,79.68,10.16,44
2022-11-04,43,77.62,10.46,43
2022-11-05,40,78.38,10.98,40
2022-11-06,47,71.32,9.16,47
2022-11-07,49,77.9,9.94,49
2022-11-08,36,77.36,9.84,36
2022-11-09,54,73.92,9.36,54
2022-11-10,38,78.96,9.72,38
2022-11-11,47,83.92,10.72,47
2022-11-12,41,74.24,9.96,41
2022-11-13,52,75.48,10.04,52
2022-11-14,51,83.68,10.02,51
2022-11-15,43,83.14,10.86,43
2022-11-16,50,76.22,9.58,50
2022-11-17,68,81.5,10.94,68
2022-11-18,47,80.72,10.66,47
2022-11-19,48,81.82,10.86,48
2022-11-20,45,76.96,10.08,45
2022-11-21,48,84.16,10.2,48
2022-11-22,40,78.82,10.54,40
2022-11-23,46,78.0,10.16,46
2022-11-24,37,84.16,11.14,37
2022-11-25,54,78.38,9.88,54
2022-11-26,44,77.2,10.46,44
2022-11-27,71,70.66,9.04,71
2022-11-28,45,83.14,10.52,45
2022-11-29,37,73.88,9.8,37
2022-11-30,41,75.84,9.7,41
2022-12-01,45,77.86,9.32,45
2022-12-02,50,74.12,9.96,50
2022-12-03,45,80.18,10.5,45
2022-12-04,48,78.22,9.78,48
2022-12-05,47,76.54,10.16,47
2022-12-06,34,81.0,9.68,34
2022-12-07,34,70.2,9.48,34
2022-12-08,45,76.44,10.44,45
2022-12-09,50,69.82,9.3,50
2022-12-10,55,79.02,10.32,55
2022-12-11,50,70.66,9.76,50
2022-12-12,39,82.7,10.94,39
2022-12-13,44,74.86,10.02,44
2022-12-14,55,72.92,9.68,55
2022-12-15,32,74.8,10.22,32
2022-12-16,50,86.46,11.52,50
2022-12-17,46,72.9,9.84,46
2022-12-18,44,78.36,9.88,44
2022-12-19,46,76.1,10.02,46
2022-12-20,56,73.32,9.86,56
2022-12-21,48,78.78,10.44,48
2022-12-22,45,79.22,11.06,45
2022-12-23,51,76.18,9.76,51
2022-12-24,38,81.16,10.28,38
2022-12-25,41,69.6,9.12,41
2022-12-26,41,79.56,10.5,41
2022-12-27,30,74.7,9.86,30
2022-12-28,53,79.9,10.78,53
2022-12-29,48,77.38,10.34,48
2022-12-30,34,70.42,9.44,34
2022-12-31,47,74.52,9.66,47
2023-01-01,40,80.48,10.2,40
2023-01-02,61,81.24,10.28,61
2023-01-03,45,77.0,10.26,45
2023-01-04,34,77.14,9.82,34
2023-01-05,36,76.74,9.92,36
2023-01-06,38,85.56,10.98,38
2023-01-07,47,78.72,9.98,47
2023-01-08,50,75.72,9.88,50
2023-01-09,53,81.98,10.74,53
2023-01-10,42,80.46,10.16,42
2023-01-11,32,77.44,10.54,32
2023-01-12,58,73.38,9.36,58
2023-01-13,55,77.92,10.7,55
2023-01-14,42,77.52,9.58,42
2023-01-15,43,76.46,9.98,43
2023-01-16,39,79.14,10.18,39
2023-01-17,44,79.4,10.52,44
2023-01-18,41,83.58,11.04,41
2023-01-19,44,75.28,10.5,44
2023-01-20,43,77.7,9.24,43
2023-01-21,52,70.06,9.88,52
2023-01-22,44,82.74,10.58,44
2023-01-23,43,76.78,10.56,43
2023-01-24,51,80.66,10.48,51
2023-01-25,46,74.2,9.9,46
2023-01-26,51,72.24,9.96,51
2023-01-27,42,75.44,9.86,42
2023-01-28,42,76.98,10.84,42
2023-01-29,41,79.76,10.16,41
2023-01-30,40,77.82,9.78,40
2023-01-31,46,75.22,10.34,46
2023-02-01,35,76.52,10.08,35
2023-02-02,58,75.84,10.16,58
2023-02-03,40,81.64,10.68,40
2023-02-04,52,78.22,10.08,52
2023-02-05,54,78.9,11.04,54
2023-02-06,40,77.88,9.7,40
2023-02-07,47,78.1,9.78,47
2023-02-08,37,74.0,9.92,37
2023-02-09,48,75.44,10.0,48
2023-02-10,51,75.64,9.96,51
2023-02-11,51,75.14,9.88,51
2023-02-12,43,75.08,9.76,43
2023-02-13,42,78.4,10.42,42
2023-02-14,40,75.72,9.82,40
2023-02-15,46,80.54,10.36,46
2023-02-16,37,77.08,10.6,37
2023-02-17,42,79.0,10.54,42
2023-02-18,53,76.6,9.74,53
2023-02-19,53,77.32,9.86,53
2023-02-20,49,79.1,9.78,49
2023-02-21,36,72.3,9.46,36
2023-02-22,45,79.06,10.74,45
2023-02-23,37,81.94,10.46,37
2023-02-24,54,81.8,10.52,54
2023-02-25,49,74.28,9.56,49
2023-02-26,47,77.66,9.68,47
2023-02-27,42,78.16,10.28,42
2023-02-28,55,84.3,11.0,55
2023-03-01,44,81.64,10.72,44
2023-03-02,41,73.14,9.42,41
2023-03-03,49,66.94,9.36,49
2023-03-04,53,74.12,10.08,53
2023-03-05,47,75.68,10.02,47
2023-03-06,45,80.7,11.12,45
2023-03-07,45,79.54,9.68,45
2023-03-08,67,77.06,9.48,67
2023-03-09,44,74.4,9.84,44
2023-03-10,65,72.64,9.66,65
2023-03-11,54,78.32,10.06,54
2023-03-12,53,85.04,11.46,53
2023-03-13,55,72.46,9.38,55
2023-03-14,52,69.18,8.78,52
2023-03-15,49,79.28,10.26,49
2023-03-16,49,76.18,9.98,49
2023-03-17,39,74.6,9.8,39
2023-03-18,40,70.04,8.96,40
2023-03-19,45,68.14,9.24,45
2023-03-20,50,78.2,11.18,50
2023-03-21,42,73.86,9.3,42
2023-03-22,42,78.38,9.8,42
2023-03-23,58,75.94,9.68,58
2023-03-24,48,71.94,10.44,48
2023-03-25,50,77.3,9.48,50
2023-03-26,46,79.82,10.92,46
2023-03-27,44,78.24,10.76,44
2023-03-28,42,74.46,9.52,42
2023-03-29,60,70.7,8.7,60
2023-03-30,46,82.26,10.68,46
2023-03-31,50,73.32,10.08,50
2023-04-01,45,75.44,9.82,45
2023-04-02,51,80.2,10.38,51
2023-04-03,46,78.92,10.84,46
2023-04-04,41,74.42,9.86,41
2023-04-05,49,70.32,9.44,49
2023-04-06,53,76.46,9.34,53
2023-04-07,54,70.44,8.96,54
2023-04-08,54,78.7,10.0,54
2023-04-09,45,69.98,8.84,45
2023-04-10,40,75.06,10.06,40
2023-04-11,45,76.56,9.46,45
2023-04-12,47,75.26,9.86,47
2023-04-13,36,80.28,10.32,36
2023-04-14,53,76.9,10.32,53
2023-04-15,43,79.2,9.6,43
2023-04-16,46,76.32,9.68,46
2023-04-17,43,74.88,10.08,43
2023-04-18,43,80.72,10.48,43
2023-04-19,57,75.92,9.92,57
2023-04-20,41,75.78,10.06,41
2023-04-21,45,75.8,9.72,45
2023-04-22,44,80.08,10.4,44
2023-04-23,49,78.42,10.18,49
2023-04-24,55,74.52,9.26,55
2023-04-25,39,77.12,10.18,39
2023-04-26,52,77.86,10.26,52
2023-04-27,57,76.76,9.68,57
2023-04-28,57,79.12,10.1,57
2023-04-29,38,78.0,10.1,38
2023-04-30,32,75.08,9.82,32
2023-05-01,51,75.56,9.88,51
2023-05-02,50,78.14,9.9,50
2023-05-03,40,73.96,9.9,40
2023-05-04,44,78.74,11.08,44
2023-05-05,44,77.0,11.0,44
2023-05-06,42,73.86,10.28,42
2023-05-07,38,74.18,9.54,38
2023-05-08,52,77.48,10.9,52
2023-05-09,38,78.74,11.06,38
2023-05-10,47,70.12,9.02,47
2023-05-11,32,75.04,10.22,32
2023-05-12,47,69.44,9.16,47
2023-05-13,45,79.2,10.32,45
2023-05-14,56,77.54,9.4,56
2023-05-15,36,76.06,10.46,36
2023-05-16,41,77.7,10.6,41
2023-05-17,41,77.64,10.36,41
2023-05-18,46,77.58,10.12,46
2023-05-19,44,76.36,9.88,44
2023-05-20,43,78.38,10.06,43
2023-05-21,50,77.84,9.64,50
2023-05-22,47,82.22,10.72,47
2023-05-23,48,74.84,10.18,48
2023-05-24,58,76.92,9.66,58
2023-05-25,34,74.02,9.2,34
2023-05-26,31,80.74,10.36,31
2023-05-27,47,78.38,10.66,47
2023-05-28,45,80.2,10.3,45
2023-05-29,51,73.88,9.14,51
2023-05-30,50,75.68,9.66,50
2023-05-31,54,77.22,9.86,54
2023-06-01,30,72.0,9.58,30
2023-06-02,38,77.08,9.42,38
2023-06-03,46,76.0,9.62,46
2023-06-04,55,84.1,10.68,55
2023-06-05,35,74.52,9.56,35
2023-06-06,53,74.06,9.58,53
2023-06-07,59,74.7,9.78,59
2023-06-08,33,77.58,10.2,33
2023-06-09,47,77.12,10.28,47
2023-06-10,46,81.74,10.38,46
2023-06-11,46,75.24,10.26,46
2023-06-12,46,78.94,10.14,46
2023-06-13,53,78.52,10.0,53
2023-06-14,43,77.72,10.2,43
2023-06-15,61,75.62,10.14,61
2023-06-16,37,78.54,11.02,37
2023-06-17,30,79.8,10.54,30
2023-06-18,44,81.08,10.14,44
2023-06-19,44,71.8,8.86,44
2023-06-20,52,72.1,9.26,52
2023-06-21,33,72.26,9.6,33
2023-06-22,61,72.72,9.46,61
2023-06-23,37,76.7,9.6,37
2023-06-24,48,75.94,9.66,48
2023-06-25,51,79.44,9.9,51
2023-06-26,52,68.36,9.74,52
2023-06-27,55,84.16,10.8,55
2023-06-28,50,75.3,9.28,50
2023-06-29,58,80.24,10.74,58
2023-06-30,40,80.28,10.16,40
2023-07-01,42,71.94,9.22,42
2023-07-02,37,68.28,8.92,37
2023-07-03,39,73.76,10.28,39
2023-07-04,48,76.84,9.64,48
2023-07-05,39,81.54,10.78,39
2023-07-06,41,81.1,10.12,41
2023-07-07,42,82.62,10.36,42
2023-07-08,48,76.48,9.48,48
2023-07-09,42,67.52,8.84,42
2023-07-10,36,78.78,10.34,36
2023-07-11,54,73.38,9.6,54
2023-07-12,45,70.82,9.08,45
2023-07-13,57,75.4,9.38,57
2023-07-14,65,79.48,10.08,65
2023-07-15,42,74.6,8.98,42
2023-07-16,40,84.34,11.08,40
2023-07-17,44,80.44,9.78,44
2023-07-18,39,75.24,9.88,39
2023-07-19,57,74.9,9.68,57
2023-07-20,40,75.24,9.76,40
2023-07-21,52,71.88,9.2,52
2023-07-22,42,79.42,9.92,42
2023-07-23,66,85.02,11.04,66
2023-07-24,39,82.9,10.74,39
2023-07-25,58,77.7,10.16,58
2023-07-26,64,79.44,9.8,64
2023-07-27,34,78.26,10.68,34
2023-07-28,43,73.0,9.52,43
2023-07-29,37,75.36,10.34,37
2023-07-30,42,74.56,9.8,42
2023-07-31,46,78.6,9.48,46
2023-08-01,42,74.56,9.16,42
2023-08-02,51,75.62,9.56,51
2023-08-03,41,71.96,9.78,41
2023-08-04,40,80.2,9.98,40
2023-08-05,47,78.0,10.12,47
2023-08-06,48,79.3,10.38,48
2023-08-07,50,77.24,10.44,50
2023-08-08,43,77.98,10.14,43
2023-08-09,52,77.08,10.4,52
2023-08-10,54,72.12,9.5,54
2023-08-11,61,75.0,10.06,61
2023-08-12,45,78.4,9.5,45
2023-08-13,50,76.8,9.9,50
2023-08-14,46,73.14,9.48,46
2023-08-15,50,77.52,9.76,50
2023-08-16,37,75.64,9.84,37
2023-08-17,46,75.28,9.7,46
2023-08-18,42,76.72,9.46,42
2023-08-19,40,76.46,10.68,40
2023-08-20,41,75.6,10.56,41
2023-08-21,41,75.42,9.82,41
2023-08-22,40,72.18,9.52,40
2023-08-23,51,78.92,10.7,51
2023-08-24,43,79.84,10.9,43
2023-08-25,57,77.84,10.1,57
2023-08-26,52,76.82,10.38,52
2023-08-27,54,74.76,9.82,54
2023-08-28,39,77.02,10.26,39
2023-08-29,45,78.38,9.9,45
2023-08-30,48,77.9,10.34,48
2023-08-31,39,69.62,9.3,39
2023-09-01,53,78.74,9.6,53
2023-09-02,45,70.0,9.7,45
2023-09-03,57,76.78,10.4,57
2023-09-04,50,81.44,10.72,50
2023-09-05,57,78.7,10.14,57
2023-09-06,41,77.12,9.46,41
2023-09-07,54,77.54,10.28,54
2023-09-08,57,76.08,9.84,57
2023-09-09,43,76.56,10.02,43
2023-09-10,45,74.14,10.0,45
2023-09-11,52,78.82,9.9,52
2023-09-12,55,82.92,10.56,55
2023-09-13,39,80.38,10.44,39
2023-09-14,45,76.2,10.28,45
2023-09-15,58,72.96,9.14,58
2023-09-16,37,75.18,9.76,37
2023-09-17,45,77.12,10.04,45
2023-09-18,35,75.62,10.32,35
2023-09-19,54,75.34,9.66,54
2023-09-20,46,74.1,9.28,46
2023-09-21,40,77.24,10.16,40
2023-09-22,55,73.72,9.42,55
2023-09-23,45,72.46,9.54,45
2023-09-24,45,75.94,10.02,45
2023-09-25,40,81.06,10.8,40
2023-09-26,39,72.82,9.94,39
2023-09-27,51,81.88,10.36,51
2023-09-28,52,78.66,10.58,52
2023-09-29,44,82.96,10.76,44
2023-09-30,46,77.2,10.6,46
2023-10-01,58,73.88,9.0,58
2023-10-02,42,73.86,9.42,42
2023-10-03,53,72.26,9.58,53
2023-10-04,45,73.12,9.4,45
2023-10-05,50,74.04,9.9,50
2023-10-06,41,75.62,9.7,41
2023-10-07,46,73.74,9.44,46
2023-10-08,51,80.72,10.5,51
2023-10-09,33,80.08,9.58,33
2023-10-10,62,83.8,10.08,62
2023-10-11,62,80.86,10.78,62
2023-10-12,37,71.72,10.02,37
2023-10-13,43,72.98,9.08,43
2023-10-14,43,67.06,8.56,43
2023-10-15,44,74.9,9.76,44
2023-10-16,48,86.36,10.48,48
2023-10-17,56,80.12,10.14,56
2023-10-18,43,78.26,10.0,43
2023-10-19,53,77.46,9.38,53
2023-10-20,40,76.66,9.82,40
2023-10-21,45,75.36,9.92,45
2023-10-22,44,79.82,10.7,44
2023-10-23,40,80.14,10.4,40
2023-10-24,32,75.04,10.22,32
2023-10-25,50,83.82,11.48,50
2023-10-26,40,78.26,9.52,40
2023-10-27,47,77.5,10.0,47
2023-10-28,31,77.72,10.14,31
2023-10-29,44,78.82,9.58,44
2023-10-30,51,79.92,10.52,51
2023-10-31,50,80.28,10.46,50
2023-11-01,30,69.66,8.96,30
2023-11-02,46,76.0,9.7,46
2023-11-03,38,81.66,10.24,38
2023-11-04,42,77.7,9.66,42
2023-11-05,45,82.46,10.12,45
2023-11-06,37,78.74,10.8,37
2023-11-07,48,77.68,10.22,48
2023-11-08,61,80.22,10.42,61
2023-11-09,43,74.6,10.36,43
2023-11-10,40,76.98,9.62,40
2023-11-11,45,71.34,9.54,45
2023-11-12,69,82.34,10.1,69
2023-11-13,34,82.9,11.12,34
2023-11-14,46,78.0,9.88,46
2023-11-15,39,75.72,9.82,39
2023-11-16,39,81.42,10.44,39
2023-11-17,56,78.18,10.0,56
2023-11-18,44,75.06,9.64,44
2023-11-19,47,83.8,11.1,47
2023-11-20,42,73.78,10.04,42
2023-11-21,35,75.44,9.98,35
2023-11-22,41,80.82,10.68,41
2023-11-23,46,75.58,9.78,46
2023-11-24,47,82.8,11.0,47
2023-11-25,47,75.76,9.84,47
2023-11-26,46,76.92,9.7,46
2023-11-27,59,69.52,9.64,59
2023-11-28,42,78.92,10.42,42
2023-11-29,46,82.22,10.82,46
2023-11-30,38,80.42,10.94,38
2023-12-01,50,82.14,10.72,50
2023-12-02,29,74.54,9.5,29
2023-12-03,40,77.66,10.18,40
2023-12-04,52,77.42,10.0,52
2023-12-05,37,74.0,9.92,37
2023-12-06,35,71.88,9.22,35
2023-12-07,51,76.4,9.78,51
2023-12-08,41,77.96,9.52,41
2023-12-09,39,73.4,9.86,39
2023-12-10,53,74.72,9.84,53
2023-12-11,42,76.4,9.62,42
2023-12-12,35,79.5,10.18,35
2023-12-13,38,75.4,9.78,38
2023-12-14,54,74.66,9.52,54
2023-12-15,45,77.0,9.98,45
2023-12-16,49,74.68,9.26,49
2023-12-17,59,76.8,9.78,59
2023-12-18,47,77.58,9.72,47
2023-12-19,40,80.32,10.7,40
2023-12-20,56,75.62,9.96,56
2023-12-21,45,80.54,11.28,45
2023-12-22,56,77.08,9.9,56
2023-12-23,43,73.92,9.92,43
2023-12-24,50,74.84,10.16,50
2023-12-25,42,77.86,10.02,42
2023-12-26,46,76.44,10.28,46
2023-12-27,50,76.2,10.12,50
2023-12-28,49,78.12,10.46,49
2023-12-29,49,84.66,10.56,49
2023-12-30,54,76.04,9.96,54
2023-12-31,46,86.32,11.0,46
2024-01-01,47,77.5,9.88,47
2024-01-02,49,79.18,10.44,49
2024-01-03,49,74.56,9.72,49
2024-01-04,46,77.1,10.28,46
2024-01-05,46,79.78,10.46,46
2024-01-06,53,76.44,10.3,53
2024-01-07,39,76.34,9.78,39
2024-01-08,47,77.88,9.56,47
2024-01-09,43,74.16,9.52,43
2024-01-10,45,76.1,10.02,45
2024-01-11,42,72.44,9.36,42
2024-01-12,57,73.2,9.4,57
2024-01-13,33,75.18,9.56,33
2024-01-14,46,77.08,9.64,46
2024-01-15,43,75.42,9.58,43
2024-01-16,48,77.32,9.94,48
2024-01-17,37,71.8,10.28,37
2024-01-18,41,76.36,10.3,41
2024-01-19,45,74.64,9.96,45
2024-01-20,49,73.26,9.56,49
2024-01-21,48,81.4,10.38,48
2024-01-22,54,76.1,9.46,54
2024-01-23,49,77.58,10.42,49
2024-01-24,45,75.4,9.42,45
2024-01-25,45,73.46,9.64,45
2024-01-26,43,81.96,10.86,43
2024-01-27,50,80.76,10.4,50
2024-01-28,42,78.72,9.86,42
2024-01-29,58,74.06,9.56,58
2024-01-30,43,76.2,9.6,43
2024-01-31,51,79.56,10.06,51
2024-02-01,50,79.54,10.92,50
2024-02-02,49,72.16,9.68,49
2024-02-03,55,76.24,10.22,55
2024-02-04,47,77.02,10.32,47
2024-02-05,42,75.66,10.22,42
2024-02-06,45,75.6,9.8,45
2024-02-07,32,68.54,9.1,32
2024-02-08,35,71.96,9.22,35
2024-02-09,45,77.86,9.88,45
2024-02-10,46,78.52,10.12,46
2024-02-11,35,69.24,9.1,35
2024-02-12,42,73.72,9.38,42
2024-02-13,39,72.14,10.02,39
2024-02-14,48,84.84,11.26,48
2024-02-15,48,80.8,10.78,48
2024-02-16,51,78.38,9.9,51
2024-02-17,46,80.06,9.92,46
2024-02-18,47,79.38,9.32,47
2024-02-19,40,79.88,10.74,40
2024-02-20,57,71.72,9.16,57
2024-02-21,54,81.28,10.42,54
2024-02-22,46,80.36,10.36,46
2024-02-23,57,80.82,10.58,57
2024-02-24,37,78.7,9.72,37
2024-02-25,50,74.3,9.84,50
2024-02-26,50,74.42,9.96,50
2024-02-27,56,72.16,9.7,56
2024-02-28,42,74.68,10.16,42
2024-02-29,44,72.76,9.8,44
2024-03-01,37,80.76,10.7,37
2024-03-02,52,79.92,10.26,52
2024-03-03,34,78.0,10.34,34
2024-03-04,46,75.9,10.36,46
2024-03-05,49,74.1,9.8,49
2024-03-06,46,78.44,10.6,46
2024-03-07,45,82.56,11.14,45
2024-03-08,50,74.32,9.64,50
2024-03-09,42,83.44,10.34,42
2024-03-10,43,76.66,9.8,43
2024-03-11,43,76.82,10.24,43
2024-03-12,42,68.36,9.2,42
2024-03-13,50,82.34,10.96,50
2024-03-14,48,80.6,10.54,48
2024-03-15,43,74.88,9.88,43
2024-03-16,36,71.2,9.44,36
2024-03-17,57,67.94,8.92,57
2024-03-18,49,72.8,9.32,49
2024-03-19,48,76.5,10.3,48
2024-03-20,46,74.02,9.16,46
2024-03-21,57,71.5,9.34,57
2024-03-22,53,73.54,10.04,53
2024-03-23,37,73.0,9.62,37
2024-03-24,46,77.16,9.8,46
2024-03-25,49,72.86,9.48,49
2024-03-26,41,75.34,9.48,41
2024-03-27,49,74.06,10.02,49
2024-03-28,49,76.26,10.36,49
2024-03-29,59,73.26,10.12,59
2024-03-30,41,74.08,10.36,41
2024-03-31,33,79.78,10.28,33
2024-04-01,38,77.08,10.36,38
2024-04-02,47,81.48,10.96,47
2024-04-03,48,76.88,9.94,48
2024-04-04,51,74.56,9.96,51
2024-04-05,39,76.96,10.24,39
2024-04-06,49,75.06,10.3,49
2024-04-07,33,82.18,11.04,33
2024-04-08,38,78.82,10.5,38
2024-04-09,48,75.76,9.36,48
2024-04-10,41,75.02,9.62,41
2024-04-11,44,74.24,9.98,44
2024-04-12,48,85.52,11.04,48
2024-04-13,48,78.8,10.32,48
2024-04-14,52,84.42,11.0,52
2024-04-15,56,83.26,11.14,56
2024-04-16,50,76.58,10.3,50
2024-04-17,53,80.94,10.24,53
2024-04-18,43,76.06,10.12,43
2024-04-19,54,77.44,9.7,54
2024-04-20,50,70.6,8.88,50
2024-04-21,52,73.76,9.8,52
2024-04-22,40,78.6,10.16,40
2024-04-23,43,74.54,9.94,43
2024-04-24,56,72.8,9.84,56
2024-04-25,34,71.98,9.28,34
2024-04-26,43,74.26,9.62,43
2024-04-27,41,73.7,9.8,41
2024-04-28,51,70.3,9.8,51
2024-04-29,51,76.44,9.84,51
2024-04-30,50,80.86,10.64,50
2024-05-01,52,75.72,9.98,52
2024-05-02,48,77.4,9.84,48
2024-05-03,40,74.4,9.08,40
2024-05-04,48,77.5,10.1,48
2024-05-05,49,74.22,9.66,49
2024-05-06,54,80.46,10.08,54
2024-05-07,45,75.58,10.0,45
2024-05-08,51,79.34,10.16,51
2024-05-09,42,72.48,9.46,42
2024-05-10,40,76.74,9.94,40
2024-05-11,39,83.84,10.82,39
2024-05-12,50,66.08,8.88,50
2024-05-13,46,78.08,10.22,46
2024-05-14,41,81.82,10.6,41
2024-05-15,52,72.66,9.52,52
2024-05-16,50,79.2,10.42,50
2024-05-17,40,80.96,10.72,40
2024-05-18,44,83.24,10.36,44
2024-05-19,49,75.44,10.02,49
2024-05-20,44,77.48,9.44,44
2024-05-21,51,75.84,9.94,51
2024-05-22,35,74.62,9.12,35
2024-05-23,45,74.84,9.56,45
2024-05-24,49,77.12,10.82,49
2024-05-25,34,77.16,10.28,34
2024-05-26,55,84.32,10.76,55
2024-05-27,52,73.28,9.42,52
2024-05-28,47,81.58,10.32,47
2024-05-29,49,72.94,9.48,49
2024-05-30,37,70.6,9.22,37
2024-05-31,53,75.06,10.12,53
2024-06-01,31,81.98,10.3,31
2024-06-02,39,77.66,9.88,39
2024-06-03,60,70.12,9.12,60
2024-06-04,33,76.54,10.04,33
2024-06-05,36,77.32,9.98,36
2024-06-06,44,75.96,9.94,44
2024-06-07,42,74.26,9.9,42
2024-06-08,43,76.92,9.06,43
2024-06-09,42,85.2,11.12,42
2024-06-10,41,80.06,10.2,41
2024-06-11,51,76.88,10.02,51
2024-06-12,47,79.62,10.1,47
2024-06-13,47,73.22,9.36,47
2024-06-14,45,77.48,10.06,45
2024-06-15,42,83.8,11.12,42
2024-06-16,44,76.24,10.5,44
2024-06-17,47,81.54,10.9,47
2024-06-18,45,77.06,9.52,45
2024-06-19,38,74.74,9.8,38
2024-06-20,51,78.64,10.38,51
2024-06-21,50,71.96,9.54,50
2024-06-22,41,75.8,10.52,41
2024-06-23,48,78.38,10.86,48
2024-06-24,50,81.34,9.8,50
2024-06-25,41,79.56,10.22,41
2024-06-26,42,74.5,9.98,42
2024-06-27,43,76.68,9.94,43
2024-06-28,28,74.96,9.4,28
2024-06-29,38,75.14,10.36,38
2024-06-30,31,82.32,10.7,31
2024-07-01,32,74.06,9.46,32
2024-07-02,38,78.3,10.18,38
2024-07-03,49,81.7,10.58,49
2024-07-04,48,82.56,11.38,48
2024-07-05,58,78.24,10.24,58
2024-07-06,40,77.96,10.68,40
2024-07-07,45,77.48,9.8,45
2024-07-08,43,77.02,10.22,43
2024-07-09,41,76.54,10.6,41
2024-07-10,53,76.16,9.88,53
2024-07-11,42,81.1,10.82,42
2024-07-12,33,77.18,10.08,33
2024-07-13,52,69.0,9.02,52
2024-07-14,41,74.14,9.9,41
2024-07-15,51,79.84,10.74,51
2024-07-16,53,76.32,10.32,53
2024-07-17,42,80.0,10.18,42
2024-07-18,56,76.6,9.78,56
2024-07-19,35,80.78,10.22,35
2024-07-20,37,75.4,9.9,37
2024-07-21,47,71.62,10.14,47
2024-07-22,43,73.52,9.56,43
2024-07-23,48,75.78,10.7,48
2024-07-24,53,81.0,10.26,53
2024-07-25,37,73.1,9.84,37
2024-07-26,43,78.72,10.72,43
2024-07-27,43,69.8,9.5,43
2024-07-28,43,76.38,9.74,43
2024-07-29,54,83.24,10.82,54
2024-07-30,50,77.1,10.46,50
2024-07-31,51,71.16,9.04,51
2024-08-01,34,76.36,10.02,34
2024-08-02,43,76.14,9.62,43
2024-08-03,42,78.4,10.46,42
2024-08-04,53,77.12,9.94,53
2024-08-05,37,64.9,8.24,37
2024-08-06,54,83.5,10.86,54
2024-08-07,48,80.26,9.82,48
2024-08-08,48,77.46,9.78,48
2024-08-09,36,81.98,11.38,36
2024-08-10,57,78.04,10.52,57
2024-08-11,44,84.24,11.32,44
2024-08-12,39,74.42,9.76,39
2024-08-13,53,74.62,9.04,53
2024-08-14,50,72.62,9.8,50
2024-08-15,54,77.1,10.06,54
2024-08-16,48,74.44,9.78,48
2024-08-17,43,79.8,10.0,43
2024-08-18,32,77.84,9.68,32
2024-08-19,52,76.24,10.22,52
2024-08-20,47,76.18,9.84,47
2024-08-21,47,73.98,10.12,47
2024-08-22,51,73.1,9.26,51
2024-08-23,34,79.68,10.62,34
2024-08-24,47,74.34,9.22,47
2024-08-25,50,77.2,9.86,50
2024-08-26,53,78.3,10.24,53
2024-08-27,41,81.2,10.4,41
2024-08-28,34,77.56,9.86,34
2024-08-29,32,78.32,9.98,32
2024-08-30,35,74.72,9.7,35
2024-08-31,45,86.26,11.6,45
2024-09-01,44,75.6,9.88,44
2024-09-02,55,73.56,10.26,55
2024-09-03,42,81.48,10.42,42
2024-09-04,46,77.84,10.7,46
2024-09-05,29,85.68,10.62,29
2024-09-06,43,72.42,9.56,43
2024-09-07,43,76.18,10.0,43
2024-09-08,48,82.52,10.48,48
2024-09-09,49,70.54,9.44,49
2024-09-10,53,83.64,10.56,53
2024-09-11,51,73.1,9.18,51
2024-09-12,36,80.96,10.36,36
2024-09-13,49,75.78,9.48,49
2024-09-14,44,81.12,10.48,44
2024-09-15,49,79.3,10.9,49
2024-09-16,46,81.88,10.74,46
2024-09-17,37,74.88,9.58,37
2024-09-18,48,81.26,10.98,48
2024-09-19,43,76.92,10.12,43
2024-09-20,40,77.22,10.22,40
2024-09-21,51,78.82,9.58,51
2024-09-22,53,71.3,9.08,53
2024-09-23,41,76.78,9.82,41
2024-09-24,49,74.0,9.24,49
2024-09-25,45,71.88,9.46,45
2024-09-26,35,73.66,9.8,35
2024-09-27,36,78.8,10.34,36
2024-09-28,36,79.16,10.16,36
2024-09-29,53,73.88,9.7,53
2024-09-30,49,79.12,10.82,49
2024-10-01,44,79.96,10.34,44
2024-10-02,44,73.96,10.14,44
2024-10-03,42,76.0,9.88,42
2024-10-04,40,79.18,10.62,40
2024-10-05,49,70.56,9.56,49
2024-10-06,38,80.26,10.56,38
2024-10-07,50,77.36,10.28,50
2024-10-08,53,78.5,10.64,53
2024-10-09,51,83.76,10.88,51
2024-10-10,44,74.56,9.9,44
2024-10-11,42,77.9,10.42,42
2024-10-12,42,78.36,10.24,42
2024-10-13,45,70.24,9.26,45
2024-10-14,37,73.68,9.74,37
2024-10-15,36,70.32,9.34,36
2024-10-16,58,81.58,10.06,58
2024-10-17,48,82.18,9.9,48
2024-10-18,45,78.52,10.44,45
2024-10-19,51,78.68,10.1,51
2024-10-20,57,78.28,9.82,57
2024-10-21,46,75.28,10.08,46
2024-10-22,45,82.18,10.34,45
2024-10-23,34,81.3,10.4,34
2024-10-24,58,76.66,9.88,58
2024-10-25,47,81.08,10.38,47
2024-10-26,46,84.82,10.88,46
2024-10-27,29,78.16,10.0,29
2024-10-28,47,76.7,10.06,47
2024-10-29,51,77.48,9.92,51
2024-10-30,43,74.08,10.14,43
2024-10-31,44,79.18,10.24,44
2024-11-01,40,79.58,10.66,40
2024-11-02,48,79.0,10.08,48
2024-11-03,40,76.98,10.42,40
2024-11-04,54,78.88,10.06,54
2024-11-05,51,77.96,9.76,51
2024-11-06,42,83.24,10.92,42
2024-11-07,55,73.9,9.36,55
2024-11-08,39,78.84,10.92,39
2024-11-09,46,70.78,9.12,46
2024-11-10,51,69.5,8.98,51
2024-11-11,42,77.74,10.04,42
2024-11-12,53,78.08,10.26,53
2024-11-13,43,77.34,10.58,43
2024-11-14,53,73.5,9.74,53
2024-11-15,40,77.44,10.32,40
2024-11-16,38,82.68,10.38,38
2024-11-17,55,73.4,9.64,55
2024-11-18,48,68.92,8.94,48
2024-11-19,38,73.66,10.18,38
2024-11-20,47,72.62,9.34,47
2024-11-21,51,77.88,10.7,51
2024-11-22,44,80.48,11.28,44
2024-11-23,48,76.82,9.66,48
2024-11-24,41,76.0,9.78,41
2024-11-25,46,80.58,10.4,46
2024-11-26,42,79.98,10.36,42
2024-11-27,42,83.0,10.82,42
2024-11-28,50,79.1,10.84,50
2024-11-29,46,78.66,9.82,46
2024-11-30,61,76.16,10.26,61
2024-12-01,44,84.62,10.32,44
2024-12-02,41,84.26,11.32,41
2024-12-03,36,70.46,8.72,36
2024-12-04,48,73.94,9.48,48
2024-12-05,51,74.14,9.8,51
2024-12-06,45,72.58,9.56,45
2024-12-07,48,73.24,9.24,48
2024-12-08,31,74.68,8.94,31
2024-12-09,47,76.16,9.72,47
2024-12-10,48,81.4,10.34,48
2024-12-11,47,79.32,10.04,47
2024-12-12,48,73.3,9.56,48
2024-12-13,40,83.46,11.06,40
2024-12-14,50,78.96,10.66,50
2024-12-15,49,77.74,10.52,49
2024-12-16,42,73.68,9.86,42
2024-12-17,48,73.0,9.22,48
2024-12-18,52,79.4,10.24,52
2024-12-19,53,78.08,10.0,53
2024-12-20,46,84.72,11.24,46
2024-12-21,52,74.92,10.16,52
2024-12-22,51,73.42,9.6,51
2024-12-23,43,72.12,9.3,43
2024-12-24,41,73.68,9.32,41
2024-12-25,45,75.42,9.48,45
2024-12-26,46,76.24,9.3,46
2024-12-27,41,80.02,10.46,41
2024-12-28,49,80.3,10.64,49
2024-12-29,40,78.52,9.62,40
2024-12-30,57,80.14,9.94,57
2024-12-31,41,74.74,9.96,41
2025-01-01,48,73.12,9.8,48
2025-01-02,57,76.24,9.68,57
2025-01-03,44,78.6,9.94,44
2025-01-04,45,76.8,10.04,45
2025-01-05,52,78.56,10.42,52
2025-01-06,53,72.04,10.16,53
2025-01-07,46,76.52,9.84,46
2025-01-08,55,78.34,10.62,55
2025-01-09,49,76.72,9.84,49
2025-01-10,48,75.42,9.72,48
2025-01-11,60,81.1,10.5,60
2025-01-12,50,73.76,9.86,50
2025-01-13,45,77.68,10.2,45
2025-01-14,44,80.54,10.56,44
2025-01-15,43,73.56,9.28,43
2025-01-16,38,77.76,10.22,38
2025-01-17,50,72.44,10.16,50
2025-01-18,35,80.88,10.62,35
2025-01-19,52,76.88,9.92,52
2025-01-20,49,72.0,9.56,49
2025-01-21,45,80.68,10.9,45
2025-01-22,59,78.94,10.56,59
2025-01-23,41,82.4,10.68,41
2025-01-24,44,77.06,10.28,44
2025-01-25,51,73.58,9.84,51
2025-01-26,50,70.48,8.74,50
2025-01-27,44,76.38,9.64,44
2025-01-28,43,79.94,9.96,43
2025-01-29,61,70.14,9.12,61
2025-01-30,44,70.14,9.5,44
2025-01-31,39,76.3,9.68,39
2025-02-01,39,80.38,10.54,39
2025-02-02,43,80.52,10.94,43
2025-02-03,40,75.86,9.92,40
2025-02-04,55,80.56,10.26,55
2025-02-05,36,85.24,11.62,36
2025-02-06,43,77.6,9.5,43
2025-02-07,49,76.66,9.94,49
2025-02-08,50,73.78,9.16,50
2025-02-09,47,73.9,9.8,47
2025-02-10,53,77.46,9.86,53
2025-02-11,40,74.06,9.62,40
2025-02-12,52,72.04,9.74,52
2025-02-13,53,76.88,10.3,53
2025-02-14,45,77.78,9.9,45
2025-02-15,53,80.72,10.72,53
2025-02-16,37,76.94,10.4,37
2025-02-17,40,73.88,9.62,40
2025-02-18,35,75.68,9.44,35
2025-02-19,42,79.06,10.26,42
2025-02-20,49,82.18,11.16,49
2025-02-21,39,68.48,9.54,39
2025-02-22,50,75.44,9.7,50
2025-02-23,41,77.38,9.64,41
2025-02-24,37,71.8,9.68,37
2025-02-25,46,77.06,10.44,46
2025-02-26,52,81.5,10.18,52
2025-02-27,47,80.38,10.24,47
2025-02-28,39,73.06,9.36,39
2025-03-01,41,83.12,11.6,41
2025-03-02,30,76.66,9.76,30
2025-03-03,39,76.62,10.12,39
2025-03-04,48,83.0,11.06,48
2025-03-05,55,78.62,10.12,55
2025-03-06,39,72.08,9.2,39
2025-03-07,46,77.68,10.3,46
2025-03-08,62,79.42,10.5,62
2025-03-09,55,83.32,10.9,55
2025-03-10,35,78.74,10.26,35
2025-03-11,57,73.58,9.46,57
2025-03-12,38,80.42,10.1,38
2025-03-13,37,80.54,10.08,37
2025-03-14,38,75.72,10.38,38
2025-03-15,51,81.14,11.02,51
2025-03-16,43,80.66,10.98,43
2025-03-17,46,76.92,10.4,46
2025-03-18,45,78.62,10.06,45
2025-03-19,43,81.9,11.38,43
2025-03-20,40,84.68,10.8,40
2025-03-21,48,82.36,10.36,48
2025-03-22,47,77.56,10.88,47
2025-03-23,45,74.8,9.12,45
2025-03-24,36,76.22,9.62,36
2025-03-25,39,77.26,10.18,39
2025-03-26,34,74.5,9.84,34
2025-03-27,35,74.0,9.4,35
2025-03-28,44,71.44,9.12,44
2025-03-29,42,78.02,9.9,42
2025-03-30,51,73.96,9.8,51
2025-03-31,47,72.42,9.74,47
2025-04-01,47,71.4,9.54,47
2025-04-02,44,79.76,9.76,44
2025-04-03,45,77.3,9.64,45
2025-04-04,52,72.54,9.54,52
2025-04-05,34,75.94,10.22,34
2025-04-06,43,79.38,10.38,43
2025-04-07,41,82.1,10.72,41
2025-04-08,43,71.9,9.56,43
2025-04-09,41,76.52,9.84,41
2025-04-10,34,81.64,11.16,34
2025-04-11,41,73.0,9.7,41
2025-04-12,26,80.38,10.48,26
2025-04-13,50,74.68,9.68,50
2025-04-14,31,81.46,10.42,31
2025-04-15,39,75.74,9.9,39
2025-04-16,41,72.98,10.08,41
2025-04-17,52,73.74,9.58,52
2025-04-18,54,73.96,9.56,54
2025-04-19,48,77.42,10.12,48
2025-04-20,46,77.38,10.34,46
2025-04-21,44,78.02,10.68,44
2025-04-22,55,74.44,10.54,55
2025-04-23,57,80.82,10.2,57
2025-04-24,42,72.82,9.34,42
2025-04-25,49,73.22,9.26,49
2025-04-26,40,69.74,8.74,40
2025-04-27,52,83.96,11.06,52
2025-04-28,38,74.66,9.3,38
2025-04-29,50,75.58,9.46,50
2025-04-30,49,77.06,9.98,49
2025-05-01,48,76.22,9.76,48
2025-05-02,57,78.44,10.38,57
2025-05-03,41,77.3,10.22,41
2025-05-04,43,77.5,10.32,43
2025-05-05,42,77.24,10.06,42
2025-05-06,39,77.34,9.94,39
2025-05-07,40,77.94,9.98,40
2025-05-08,51,83.92,11.38,51
2025-05-09,50,74.78,9.44,50
2025-05-10,43,76.08,10.22,43
2025-05-11,45,79.8,10.8,45
2025-05-12,46,84.16,10.96,46
2025-05-13,55,76.76,10.02,55
2025-05-14,42,82.32,10.72,42
2025-05-15,43,77.02,10.46,43
2025-05-16,47,76.2,9.9,47
2025-05-17,54,77.46,9.78,54
2025-05-18,56,81.38,10.52,56
2025-05-19,44,78.58,10.04,44
2025-05-20,43,70.5,9.3,43
2025-05-21,50,76.24,9.92,50
2025-05-22,38,73.2,9.42,38
2025-05-23,44,72.64,9.5,44
2025-05-24,38,66.2,8.68,38
2025-05-25,41,76.22,10.2,41
2025-05-26,42,75.1,10.08,42
2025-05-27,58,68.82,9.16,58
2025-05-28,57,77.34,10.14,57
2025-05-29,49,77.88,9.6,49
2025-05-30,55,82.98,11.44,55
2025-05-31,46,75.1,9.32,46
2025-06-01,30,88.3,11.14,30
2025-06-02,39,79.06,10.48,39
2025-06-03,44,82.74,10.9,44
2025-06-04,53,83.9,10.72,53
2025-06-05,41,78.96,10.42,41
2025-06-06,40,78.94,10.38,40
2025-06-07,48,73.94,9.48,48
2025-06-08,55,81.38,10.6,55
2025-06-09,48,77.86,9.6,48
2025-06-10,45,72.08,9.2,45
2025-06-11,57,79.06,10.24,57
2025-06-12,47,75.88,9.84,47
2025-06-13,48,78.74,9.94,48
2025-06-14,47,73.4,10.04,47
2025-06-15,53,76.06,10.04,53
2025-06-16,49,73.9,9.34,49
2025-06-17,33,81.66,10.92,33
2025-06-18,44,74.6,9.7,44
2025-06-19,39,79.38,9.84,39
2025-06-20,57,81.04,10.68,57
2025-06-21,44,79.38,10.5,44
2025-06-22,37,80.0,10.28,37
2025-06-23,42,73.26,9.72,42
2025-06-24,51,81.12,10.04,51
2025-06-25,41,78.02,10.42,41
2025-06-26,43,83.1,10.72,43
2025-06-27,41,73.92,9.72,41
2025-06-28,50,79.74,10.94,50
2025-06-29,44,78.22,10.34,44
2025-06-30,49,71.86,9.26,49
2025-07-01,50,74.28,10.4,50
2025-07-02,46,74.98,9.4,46
2025-07-03,43,79.32,10.72,43
2025-07-04,42,79.76,10.62,42
2025-07-05,42,79.0,10.2,42
2025-07-06,42,74.56,9.02,42
2025-07-07,46,80.94,10.6,46
2025-07-08,47,71.34,9.5,47
2025-07-09,59,71.6,9.02,59
2025-07-10,48,78.98,10.52,48
2025-07-11,39,80.3,11.24,39
2025-07-12,54,76.52,9.86,54
2025-07-13,36,78.88,10.42,36
2025-07-14,48,80.06,10.0,48
2025-07-15,52,80.68,11.3,52
2025-07-16,38,75.44,9.56,38
2025-07-17,54,75.46,9.82,54
2025-07-18,41,70.24,9.24,41
2025-07-19,48,74.78,9.18,48
2025-07-20,58,82.78,10.62,58
2025-07-21,44,79.88,10.94,44
2025-07-22,56,75.38,10.52,56
2025-07-23,50,65.32,8.52,50
2025-07-24,35,78.2,10.36,35
2025-07-25,43,79.06,10.34,43
2025-07-26,39,74.08,9.16,39
2025-07-27,36,76.3,9.96,36
2025-07-28,46,75.58,10.1,46
2025-07-29,42,72.8,9.34,42
2025-07-30,48,76.88,10.32,48
2025-07-31,40,72.88,9.96,40
2025-08-01,39,70.66,9.62,39
2025-08-02,42,76.56,10.02,42
2025-08-03,46,83.64,11.1,46
2025-08-04,42,77.92,9.78,42
2025-08-05,47,76.04,9.66,47
2025-08-06,53,71.84,9.1,53
2025-08-07,39,85.04,11.4,39
2025-08-08,45,79.3,10.28,45
2025-08-09,37,75.84,9.74,37
2025-08-10,44,75.12,9.16,44
2025-08-11,47,87.0,10.94,47
2025-08-12,58,77.86,10.4,58
2025-08-13,32,75.88,10.38,32
2025-08-14,45,79.52,10.56,45
2025-08-15,57,73.08,9.62,57
2025-08-16,54,73.78,10.28,54
2025-08-17,42,77.06,9.88,42
2025-08-18,46,84.08,10.88,46
2025-08-19,46,75.5,10.02,46
2025-08-20,51,76.12,9.44,51
2025-08-21,47,76.18,10.16,47
2025-08-22,42,81.44,10.74,42
2025-08-23,39,73.02,9.44,39
2025-08-24,41,75.62,10.06,41
2025-08-25,46,78.6,10.54,46
2025-08-26,54,78.18,10.56,54
2025-08-27,50,77.6,10.08,50
2025-08-28,37,76.64,9.88,37
2025-08-29,32,75.18,9.88,32
2025-08-30,42,79.62,10.56,42
2025-08-31,47,76.1,9.82,47
2025-09-01,51,79.16,10.72,51
2025-09-02,41,83.36,10.48,41
2025-09-03,39,76.84,10.2,39
2025-09-04,39,79.3,10.16,39
2025-09-05,38,78.96,9.96,38
2025-09-06,33,76.22,10.22,33
2025-09-07,42,76.32,10.12,42
2025-09-08,43,68.4,9.18,43
2025-09-09,54,70.64,9.3,54
2025-09-10,54,76.02,10.22,54
2025-09-11,44,73.18,9.66,44
2025-09-12,57,77.78,10.1,57
2025-09-13,52,72.28,9.52,52
2025-09-14,50,76.26,10.32,50
2025-09-15,36,73.52,10.02,36
2025-09-16,39,66.32,8.28,39
2025-09-17,50,72.06,9.12,50
2025-09-18,44,75.6,10.12,44
2025-09-19,47,76.74,9.82,47
2025-09-20,47,77.82,10.3,47
2025-09-21,55,79.6,10.4,55
2025-09-22,52,78.44,10.38,52
2025-09-23,42,75.62,10.42,42
2025-09-24,42,74.26,9.76,42
2025-09-25,55,78.62,9.7,55
2025-09-26,42,80.0,10.02,42
2025-09-27,31,80.58,10.24,31
2025-09-28,43,76.1,9.76,43
2025-09-29,39,72.58,9.78,39
2025-09-30,49,78.6,10.4,49
2025-10-01,49,72.94,9.84,49
2025-10-02,43,75.64,9.4,43
2025-10-03,46,77.22,9.76,46
2025-10-04,41,80.34,10.34,41
2025-10-05,45,78.74,10.58,45
2025-10-06,36,75.42,9.88,36
2025-10-07,56,82.1,10.7,56
2025-10-08,50,72.58,9.62,50
2025-10-09,37,79.16,10.26,37
2025-10-10,45,78.2,10.18,45
2025-10-11,53,78.98,10.5,53
2025-10-12,53,71.5,10.1,53
2025-10-13,39,73.26,9.28,39
2025-10-14,38,76.9,10.26,38
2025-10-15,39,77.32,10.14,39
2025-10-16,41,74.74,10.46,41
2025-10-17,49,80.44,10.3,49
2025-10-18,48,76.9,10.4,48
2025-10-19,48,76.48,10.16,48
2025-10-20,45,75.44,9.54,45
2025-10-21,36,73.36,9.52,36
2025-10-22,41,78.38,10.44,41
2025-10-23,47,74.46,9.9,47
2025-10-24,57,78.72,9.92,57
2025-10-25,51,81.92,10.38,51
2025-10-26,34,77.66,10.06,34
2025-10-27,47,71.6,9.92,47
2025-10-28,46,75.7,9.68,46
2025-10-29,39,78.72,10.34,39
2025-10-30,44,78.22,10.34,44
2025-10-31,50,79.82,10.58,50
2025-11-01,43,78.68,10.22,43
2025-11-02,41,76.06,10.24,41
2025-11-03,48,75.42,9.52,48
2025-11-04,44,72.14,9.86,44
2025-11-05,44,75.92,9.8,44
2025-11-06,51,79.32,10.44,51
2025-11-07,45,70.38,9.3,45
2025-11-08,44,82.48,10.22,44
2025-11-09,38,72.92,9.38,38
2025-11-10,47,75.16,9.62,47
2025-11-11,48,76.32,9.86,48
2025-11-12,45,82.82,10.92,45
2025-11-13,36,76.1,9.6,36
2025-11-14,37,85.6,11.1,37
2025-11-15,49,84.18,10.92,49
2025-11-16,39,74.94,10.44,39
2025-11-17,40,69.98,9.36,40
2025-11-18,55,79.74,9.82,55
2025-11-19,45,78.24,10.22,45
2025-11-20,58,76.22,10.02,58
2025-11-21,37,79.08,9.76,37
2025-11-22,48,77.26,10.44,48
2025-11-23,47,84.04,10.72,47
2025-11-24,56,79.06,10.92,56
2025-11-25,41,73.6,10.1,41
2025-11-26,40,84.82,10.26,40
2025-11-27,48,70.96,9.22,48
2025-11-28,49,75.52,9.32,49
2025-11-29,45,72.94,9.48,45
2025-11-30,51,75.92,9.66,51
2025-12-01,51,72.88,9.48,51
2025-12-02,37,73.0,9.34,37
2025-12-03,44,78.84,9.94,44
2025-12-04,41,75.18,9.88,41
2025-12-05,47,71.32,9.06,47
2025-12-06,45,80.54,11.16,45
2025-12-07,51,84.2,10.82,51
2025-12-08,56,79.1,10.04,56
2025-12-09,49,80.56,10.54,49
2025-12-10,47,79.98,10.64,47
2025-12-11,49,76.94,9.7,49
2025-12-12,40,76.72,9.86,40
2025-12-13,66,75.22,9.68,66
2025-12-14,32,72.14,9.52,32
2025-12-15,36,76.54,10.16,36
2025-12-16,52,76.8,9.6,52
2025-12-17,38,79.42,10.24,38
2025-12-18,61,78.42,9.72,61
2025-12-19,42,76.48,10.16,42
2025-12-20,38,77.66,9.92,38
2025-12-21,41,75.68,9.78,41
2025-12-22,42,76.74,9.78,42
2025-12-23,46,78.9,10.62,46
2025-12-24,55,76.24,9.96,55
2025-12-25,45,75.48,9.38,45
2025-12-26,45,69.94,9.24,45
2025-12-27,42,78.98,10.64,42
2025-12-28,50,77.56,9.86,50
2025-12-29,58,84.48,11.2,58
2025-12-30,43,80.1,10.4,43
2025-12-31,37,80.0,9.74,37
