date,patient_arrivals,bed_demand,icu_occupancy,dept_load
2020-01-01,47,79.94,10.56,47
2020-01-02,50,79.62,10.24,50
2020-01-03,41,74.92,9.52,41
2020-01-04,35,71.26,9.54,35
2020-01-05,47,77.7,9.56,47
2020-01-06,62,79.78,10.32,62
2020-01-07,45,71.0,9.46,45
2020-01-08,38,78.62,10.0,38
2020-01-09,38,73.78,10.04,38
2020-01-10,40,73.46,9.04,40
2020-01-11,60,73.54,9.88,60
2020-01-12,56,76.74,9.88,56
2020-01-13,50,78.26,10.46,50
2020-01-14,43,75.42,11.0,43
2020-01-15,38,77.02,9.76,38
2020-01-16,51,79.18,10.3,51
2020-01-17,40,75.58,9.82,40
2020-01-18,50,74.48,9.76,50
2020-01-19,36,74.68,9.86,36
2020-01-20,55,86.7,10.5,55
2020-01-21,41,75.2,10.74,41
2020-01-22,46,76.62,9.8,46
2020-01-23,49,79.22,10.32,49
2020-01-24,55,77.38,9.76,55
2020-01-25,47,79.24,10.56,47
2020-01-26,57,74.66,10.0,57
2020-01-27,53,81.46,10.48,53
2020-01-28,43,70.18,9.04,43
2020-01-29,48,74.94,9.34,48
2020-01-30,42,79.88,10.28,42
2020-01-31,38,78.4,10.16,38
2020-02-01,52,78.6,10.42,52
2020-02-02,49,80.54,9.84,49
2020-02-03,48,84.46,11.4,48
2020-02-04,39,83.58,10.9,39
2020-02-05,42,78.32,9.92,42
2020-02-06,36,78.94,9.98,36
2020-02-07,38,81.66,10.52,38
2020-02-08,46,80.72,10.16,46
2020-02-09,51,80.24,10.64,51
2020-02-10,42,77.38,10.72,42
2020-02-11,44,81.2,9.96,44
2020-02-12,39,79.8,10.46,39
2020-02-13,51,76.92,10.14,51
2020-02-14,50,73.82,9.08,50
2020-02-15,51,73.16,9.64,51
2020-02-16,28,74.38,10.08,28
2020-02-17,44,75.28,9.74,44
2020-02-18,43,75.88,9.9,43
2020-02-19,37,71.18,10.12,37
2020-02-20,36,80.26,10.04,36
2020-02-21,45,73.0,9.7,45
2020-02-22,51,79.8,10.46,51
2020-02-23,50,75.38,9.82,50
2020-02-24,45,77.14,10.0,45
2020-02-25,41,75.42,9.92,41
2020-02-26,46,78.32,10.16,46
2020-02-27,49,75.28,9.8,49
2020-02-28,49,76.36,10.26,49
2020-02-29,34,82.56,10.42,34
2020-03-01,42,70.98,9.5,42
2020-03-02,45,77.74,9.96,45
2020-03-03,55,76.9,10.06,55
2020-03-04,47,74.04,9.56,47
2020-03-05,35,74.12,9.22,35
2020-03-06,47,78.68,9.98,47
2020-03-07,45,73.14,9.74,45
2020-03-08,45,83.48,10.92,45
2020-03-09,55,77.22,9.84,55
2020-03-10,44,77.78,9.48,44
2020-03-11,45,74.46,9.56,45
2020-03-12,47,79.06,10.16,47
2020-03-13,41,77.96,9.76,41
2020-03-14,57,73.9,9.7,57
2020-03-15,53,79.74,10.6,53
2020-03-16,47,78.28,10.4,47
2020-03-17,51,73.32,9.46,51
2020-03-18,44,74.9,9.94,44
2020-03-19,46,75.4,9.94,46
2020-03-20,42,80.12,10.3,42
2020-03-21,41,83.12,11.02,41
2020-03-22,45,73.3,9.52,45
2020-03-23,55,79.6,10.78,55
2020-03-24,41,78.9,9.8,41
2020-03-25,57,80.62,10.8,57
2020-03-26,49,75.12,9.84,49
2020-03-27,46,78.0,10.74,46
2020-03-28,39,74.66,9.58,39
2020-03-29,62,77.62,10.2,62
2020-03-30,36,78.22,10.38,36
2020-03-31,36,75.56,9.08,36
2020-04-01,36,80.34,10.66,36
2020-04-02,48,77.36,10.14,48
2020-04-03,47,78.62,10.26,47
2020-04-04,47,79.48,10.28,47
2020-04-05,49,82.16,10.98,49
2020-04-06,35,80.52,10.94,35
2020-04-07,43,75.04,9.98,43
2020-04-08,51,74.0,9.38,51
2020-04-09,45,78.2,10.3,45
2020-04-10,50,77.46,10.4,50
2020-04-11,39,75.14,9.84,39
2020-04-12,43,75.16,9.76,43
2020-04-13,33,78.24,9.6,33
2020-04-14,41,78.46,10.16,41
2020-04-15,55,73.56,9.38,55
2020-04-16,63,76.64,9.96,63
2020-04-17,48,75.14,9.78,48
2020-04-18,42,71.06,9.54,42
2020-04-19,50,76.58,9.96,50
2020-04-20,47,76.38,9.16,47
2020-04-21,39,79.44,10.14,39
2020-04-22,45,77.04,9.98,45
2020-04-23,46,75.36,9.96,46
2020-04-24,54,79.6,10.42,54
2020-04-25,53,75.06,10.08,53
2020-04-26,47,76.2,10.14,47
2020-04-27,53,75.62,10.36,53
2020-04-28,49,76.08,10.6,49
2020-04-29,37,72.24,9.5,37
2020-04-30,49,73.1,9.56,49
2020-05-01,44,71.44,9.44,44
2020-05-02,47,78.06,10.22,47
2020-05-03,44,79.44,10.1,44
2020-05-04,46,77.16,9.64,46
2020-05-05,38,71.86,9.52,38
2020-05-06,51,82.4,10.36,51
2020-05-07,51,77.54,10.08,51
2020-05-08,56,73.7,9.64,56
2020-05-09,50,73.12,9.42,50
2020-05-10,49,80.54,11.24,49
2020-05-11,37,75.32,10.24,37
2020-05-12,39,73.36,9.66,39
2020-05-13,39,76.54,9.78,39
2020-05-14,49,83.1,10.64,49
2020-05-15,55,74.4,10.34,55
2020-05-16,50,75.96,9.96,50
2020-05-17,43,76.02,9.86,43
2020-05-18,45,80.5,10.06,45
2020-05-19,41,80.16,10.68,41
2020-05-20,42,74.34,9.56,42
2020-05-21,57,74.56,9.48,57
2020-05-22,54,83.62,10.36,54
2020-05-23,45,76.54,10.1,45
2020-05-24,49,72.06,9.58,49
2020-05-25,36,79.34,10.1,36
2020-05-26,46,71.6,8.72,46
2020-05-27,43,80.34,9.72,43
2020-05-28,50,78.4,10.62,50
2020-05-29,37,78.6,10.3,37
2020-05-30,52,82.6,10.1,52
2020-05-31,39,78.88,10.54,39
2020-06-01,57,82.14,9.9,57
2020-06-02,60,76.38,10.3,60
2020-06-03,47,79.8,10.68,47
2020-06-04,52,73.12,9.98,52
2020-06-05,36,77.04,9.64,36
2020-06-06,51,80.54,10.16,51
2020-06-07,40,78.66,10.08,40
2020-06-08,45,82.76,10.94,45
2020-06-09,26,72.18,9.18,26
2020-06-10,38,73.0,10.16,38
2020-06-11,45,76.28,10.24,45
2020-06-12,57,72.28,10.14,57
2020-06-13,49,72.28,9.82,49
2020-06-14,50,74.02,9.5,50
2020-06-15,42,75.6,10.02,42
2020-06-16,38,78.54,10.8,38
2020-06-17,55,76.9,9.72,55
2020-06-18,36,78.1,10.48,36
2020-06-19,40,83.32,10.86,40
2020-06-20,41,81.52,10.32,41
2020-06-21,55,77.22,10.56,55
2020-06-22,42,81.06,10.76,42
2020-06-23,47,78.72,10.52,47
2020-06-24,57,75.88,9.54,57
2020-06-25,47,75.32,10.2,47
2020-06-26,51,75.36,9.52,51
2020-06-27,50,80.94,10.04,50
2020-06-28,38,79.84,10.6,38
2020-06-29,45,81.04,11.02,45
2020-06-30,48,80.5,10.4,48
2020-07-01,50,70.8,9.56,50
2020-07-02,48,83.18,10.44,48
2020-07-03,49,73.98,9.92,49
2020-07-04,42,70.94,8.86,42
2020-07-05,39,75.76,10.18,39
2020-07-06,47,74.22,9.94,47
2020-07-07,44,82.48,10.26,44
2020-07-08,44,77.98,10.44,44
2020-07-09,47,82.06,10.9,47
2020-07-10,37,75.82,10.38,37
2020-07-11,44,81.26,11.14,44
2020-07-12,44,73.64,9.36,44
2020-07-13,44,81.14,10.68,44
2020-07-14,33,79.52,10.1,33
2020-07-15,50,79.5,10.76,50
2020-07-16,41,80.3,10.48,41
2020-07-17,45,80.62,10.72,45
2020-07-18,44,80.06,10.42,44
2020-07-19,47,75.62,9.5,47
2020-07-20,52,73.18,8.98,52
2020-07-21,39,73.04,9.86,39
2020-07-22,45,77.48,10.22,45
2020-07-23,48,74.84,9.34,48
2020-07-24,34,68.68,9.3,34
2020-07-25,53,76.16,9.78,53
2020-07-26,53,72.2,9.32,53
2020-07-27,52,82.96,10.82,52
2020-07-28,48,76.74,10.26,48
2020-07-29,51,80.84,10.3,51
2020-07-30,46,82.34,11.12,46
2020-07-31,52,81.18,10.46,52
2020-08-01,47,79.04,9.8,47
2020-08-02,47,77.24,10.08,47
2020-08-03,41,82.26,10.36,41
2020-08-04,60,82.14,10.26,60
2020-08-05,40,81.06,10.64,40
2020-08-06,39,73.38,9.44,39
2020-08-07,53,78.12,10.3,53
2020-08-08,39,82.02,9.88,39
2020-08-09,46,74.26,9.88,46
2020-08-10,36,76.02,9.96,36
2020-08-11,49,80.5,10.16,49
2020-08-12,43,70.92,8.94,43
2020-08-13,44,74.74,9.98,44
2020-08-14,41,83.4,11.24,41
2020-08-15,51,79.06,10.32,51
2020-08-16,41,77.2,10.54,41
2020-08-17,47,71.68,8.82,47
2020-08-18,46,74.4,9.56,46
2020-08-19,49,76.7,9.88,49
2020-08-20,45,81.92,10.52,45
2020-08-21,46,80.8,10.14,46
2020-08-22,50,72.18,9.42,50
2020-08-23,38,77.96,10.1,38
2020-08-24,49,76.06,9.76,49
2020-08-25,50,79.06,9.88,50
2020-08-26,41,72.58,9.4,41
2020-08-27,52,71.82,9.2,52
2020-08-28,55,72.4,9.44,55
2020-08-29,51,71.06,9.18,51
2020-08-30,48,77.88,10.1,48
2020-08-31,35,71.48,9.22,35
2020-09-01,39,74.76,9.48,39
2020-09-02,49,74.54,9.92,49
2020-09-03,38,75.96,9.88,38
2020-09-04,46,73.98,9.86,46
2020-09-05,42,72.32,9.48,42
2020-09-06,45,73.8,9.6,45
2020-09-07,46,75.3,9.56,46
2020-09-08,51,75.56,9.44,51
2020-09-09,40,82.66,10.64,40
2020-09-10,37,72.92,9.54,37
2020-09-11,55,78.44,10.56,55
2020-09-12,41,79.62,10.3,41
2020-09-13,52,81.84,10.7,52
2020-09-14,41,74.6,10.3,41
2020-09-15,42,77.66,9.86,42
2020-09-16,62,82.06,10.8,62
2020-09-17,53,77.06,10.58,53
2020-09-18,44,68.44,8.9,44
2020-09-19,37,79.84,10.34,37
2020-09-20,39,80.4,10.5,39
2020-09-21,55,80.16,10.34,55
2020-09-22,37,73.4,9.44,37
2020-09-23,48,71.68,9.76,48
2020-09-24,48,81.06,10.6,48
2020-09-25,40,80.28,10.62,40
2020-09-26,38,75.62,10.44,38
2020-09-27,56,84.6,11.54,56
2020-09-28,55,78.74,9.54,55
2020-09-29,55,78.74,10.58,55
2020-09-30,51,73.34,9.62,51
2020-10-01,54,76.62,10.02,54
2020-10-02,47,76.94,9.86,47
2020-10-03,28,70.0,8.7,28
2020-10-04,42,71.24,9.24,42
2020-10-05,47,79.34,10.62,47
2020-10-06,40,78.88,10.52,40
2020-10-07,43,76.86,10.02,43
2020-10-08,45,81.06,10.2,45
2020-10-09,34,77.2,9.5,34
2020-10-10,42,73.38,8.84,42
2020-10-11,60,79.34,10.52,60
2020-10-12,50,80.22,10.08,50
2020-10-13,37,84.42,10.84,37
2020-10-14,46,78.78,9.92,46
2020-10-15,42,77.36,10.08,42
2020-10-16,53,79.78,10.66,53
2020-10-17,45,76.8,10.36,45
2020-10-18,55,74.44,10.18,55
2020-10-19,51,74.4,8.94,51
2020-10-20,37,73.44,10.24,37
2020-10-21,44,76.62,9.6,44
2020-10-22,43,75.84,9.4,43
2020-10-23,58,79.24,10.34,58
2020-10-24,40,78.48,10.48,40
2020-10-25,35,70.14,9.3,35
2020-10-26,50,70.64,8.62,50
2020-10-27,48,76.9,9.54,48
2020-10-28,49,72.94,9.94,49
2020-10-29,51,77.96,10.0,51
2020-10-30,32,72.68,9.6,32
2020-10-31,54,78.7,10.68,54
2020-11-01,50,76.76,10.58,50
2020-11-02,45,83.4,10.46,45
2020-11-03,55,78.94,10.34,55
2020-11-04,36,67.06,9.5,36
2020-11-05,32,78.0,10.28,32
2020-11-06,61,77.9,10.02,61
2020-11-07,36,75.72,9.96,36
2020-11-08,49,74.86,9.94,49
2020-11-09,45,74.58,9.1,45
2020-11-10,48,86.3,11.36,48
2020-11-11,50,79.06,10.38,50
2020-11-12,49,79.58,9.64,49
2020-11-13,43,75.6,10.02,43
2020-11-14,47,73.36,10.0,47
2020-11-15,53,74.52,9.6,53
2020-11-16,45,82.58,10.96,45
2020-11-17,42,80.0,11.0,42
2020-11-18,42,75.2,10.0,42
2020-11-19,56,76.1,10.16,56
2020-11-20,55,71.76,9.5,55
2020-11-21,38,79.22,10.56,38
2020-11-22,50,73.84,8.94,50
2020-11-23,53,78.14,9.68,53
2020-11-24,44,77.4,10.72,44
2020-11-25,37,77.02,10.38,37
2020-11-26,42,78.36,10.3,42
2020-11-27,36,83.12,10.34,36
2020-11-28,43,80.78,10.5,43
2020-11-29,55,79.24,10.48,55
2020-11-30,40,79.9,10.96,40
2020-12-01,42,69.78,9.58,42
2020-12-02,32,80.28,10.52,32
2020-12-03,49,80.72,10.44,49
2020-12-04,48,82.66,10.92,48
2020-12-05,55,72.58,10.1,55
2020-12-06,37,79.92,10.44,37
2020-12-07,48,81.14,10.46,48
2020-12-08,48,75.06,9.92,48
2020-12-09,32,77.8,10.08,32
2020-12-10,44,79.4,10.4,44
2020-12-11,37,71.24,8.78,37
2020-12-12,40,77.56,10.08,40
2020-12-13,47,72.02,9.66,47
2020-12-14,60,78.74,10.2,60
2020-12-15,33,78.0,10.2,33
2020-12-16,43,78.22,10.76,43
2020-12-17,52,73.48,10.14,52
2020-12-18,42,72.76,9.78,42
2020-12-19,41,74.84,9.68,41
2020-12-20,41,77.98,10.48,41
2020-12-21,38,68.9,9.28,38
2020-12-22,50,78.96,10.58,50
2020-12-23,41,72.84,8.92,41
2020-12-24,47,75.32,9.82,47
2020-12-25,53,79.94,10.2,53
2020-12-26,36,76.66,9.98,36
2020-12-27,46,80.62,10.12,46
2020-12-28,37,70.76,9.42,37
2020-12-29,48,71.78,9.48,48
2020-12-30,40,79.22,10.18,40
2020-12-31,38,83.82,11.18,38
2021-01-01,49,73.62,9.84,49
2021-01-02,42,76.2,9.74,42
2021-01-03,53,75.96,10.34,53
2021-01-04,54,72.12,9.16,54
2021-01-05,32,86.04,11.52,32
2021-01-06,34,78.32,10.5,34
2021-01-07,41,75.34,10.42,41
2021-01-08,51,75.44,10.26,51
2021-01-09,31,78.5,10.52,31
2021-01-10,49,79.14,10.52,49
2021-01-11,53,76.08,10.46,53
2021-01-12,35,73.38,9.84,35
2021-01-13,44,78.06,10.52,44
2021-01-14,45,71.32,9.62,45
2021-01-15,55,72.1,9.68,55
2021-01-16,45,73.12,9.0,45
2021-01-17,51,73.9,9.58,51
2021-01-18,43,79.14,10.3,43
2021-01-19,47,76.8,10.06,47
2021-01-20,43,79.64,10.9,43
2021-01-21,47,80.36,10.94,47
2021-01-22,47,70.14,8.72,47
2021-01-23,37,77.1,9.96,37
2021-01-24,51,77.56,10.7,51
2021-01-25,49,77.62,9.86,49
2021-01-26,60,82.08,10.6,60
2021-01-27,37,79.68,10.12,37
2021-01-28,43,75.34,9.86,43
2021-01-29,43,79.5,10.7,43
2021-01-30,39,81.22,10.46,39
2021-01-31,44,77.04,10.12,44
2021-02-01,36,79.16,10.48,36
2021-02-02,41,77.0,10.22,41
2021-02-03,32,77.34,10.3,32
2021-02-04,31,77.0,9.74,31
2021-02-05,46,68.16,8.7,46
2021-02-06,49,77.56,10.26,49
2021-02-07,44,74.78,9.78,44
2021-02-08,59,77.18,10.54,59
2021-02-09,56,73.48,9.44,56
2021-02-10,42,72.0,9.1,42
2021-02-11,38,82.0,10.38,38
2021-02-12,55,70.56,9.42,55
2021-02-13,50,72.7,9.0,50
2021-02-14,42,71.02,9.62,42
2021-02-15,38,74.14,9.68,38
2021-02-16,45,73.0,9.26,45
2021-02-17,35,83.86,11.3,35
2021-02-18,40,77.7,9.72,40
2021-02-19,45,83.5,10.06,45
2021-02-20,34,71.86,9.7,34
2021-02-21,42,75.32,9.68,42
2021-02-22,46,75.88,10.04,46
2021-02-23,42,78.84,9.92,42
2021-02-24,46,71.34,9.06,46
2021-02-25,43,74.12,9.92,43
2021-02-26,52,79.94,10.34,52
2021-02-27,41,78.9,10.74,41
2021-02-28,58,86.4,10.36,58
2021-03-01,52,79.16,10.7,52
2021-03-02,42,74.46,10.06,42
2021-03-03,47,78.34,10.36,47
2021-03-04,42,84.44,11.02,42
2021-03-05,39,74.54,9.56,39
2021-03-06,36,79.3,10.12,36
2021-03-07,38,73.2,9.58,38
2021-03-08,49,76.42,11.16,49
2021-03-09,46,76.12,10.4,46
2021-03-10,49,77.24,10.56,49
2021-03-11,52,76.68,9.34,52
2021-03-12,37,76.44,10.38,37
2021-03-13,53,76.72,10.48,53
2021-03-14,50,73.84,10.1,50
2021-03-15,48,74.24,10.02,48
2021-03-16,53,71.74,9.66,53
2021-03-17,43,80.28,10.26,43
2021-03-18,51,74.38,9.26,51
2021-03-19,49,76.62,9.74,49
2021-03-20,55,82.28,10.4,55
2021-03-21,48,75.46,9.52,48
2021-03-22,44,75.84,9.64,44
2021-03-23,41,77.72,10.6,41
2021-03-24,47,80.6,9.94,47
2021-03-25,42,78.14,9.9,42
2021-03-26,38,84.86,11.22,38
2021-03-27,48,74.34,9.64,48
2021-03-28,50,78.44,9.48,50
2021-03-29,44,75.72,10.08,44
2021-03-30,48,81.92,10.32,48
2021-03-31,38,80.1,10.3,38
2021-04-01,34,72.58,9.74,34
2021-04-02,50,73.54,9.8,50
2021-04-03,45,75.34,8.9,45
2021-04-04,40,76.1,10.28,40
2021-04-05,34,72.86,9.5,34
2021-04-06,47,79.12,10.8,47
2021-04-07,52,76.92,9.82,52
2021-04-08,38,76.32,9.88,38
2021-04-09,46,74.02,10.06,46
2021-04-10,43,76.7,10.22,43
2021-04-11,52,78.94,10.56,52
2021-04-12,39,72.74,10.06,39
2021-04-13,42,78.36,10.38,42
2021-04-14,53,81.64,10.44,53
2021-04-15,52,79.36,10.24,52
2021-04-16,62,72.88,10.08,62
2021-04-17,40,73.14,9.72,40
2021-04-18,63,75.86,9.86,63
2021-04-19,33,75.1,9.98,33
2021-04-20,60,76.88,10.06,60
2021-04-21,43,77.44,10.06,43
2021-04-22,43,76.02,10.08,43
2021-04-23,44,75.82,9.96,44
2021-04-24,34,76.54,10.18,34
2021-04-25,47,76.3,9.54,47
2021-04-26,45,75.6,9.58,45
2021-04-27,47,75.58,9.82,47
2021-04-28,44,68.34,8.96,44
2021-04-29,55,76.72,10.02,55
2021-04-30,41,74.4,9.42,41
2021-05-01,47,74.96,9.74,47
2021-05-02,48,72.2,9.12,48
2021-05-03,38,77.38,10.14,38
2021-05-04,41,76.1,9.62,41
2021-05-05,42,78.94,10.74,42
2021-05-06,54,75.18,9.96,54
2021-05-07,43,81.58,10.5,43
2021-05-08,54,79.14,10.2,54
2021-05-09,40,77.08,10.12,40
2021-05-10,51,79.16,10.32,51
2021-05-11,48,80.06,10.32,48
2021-05-12,48,80.42,10.1,48
2021-05-13,52,77.28,9.84,52
2021-05-14,47,75.26,9.52,47
2021-05-15,53,75.4,10.24,53
2021-05-16,45,76.72,9.96,45
2021-05-17,47,74.78,8.96,47
2021-05-18,57,73.8,9.34,57
2021-05-19,54,76.04,10.14,54
2021-05-20,38,78.62,9.86,38
2021-05-21,53,76.86,9.6,53
2021-05-22,47,75.9,9.86,47
2021-05-23,48,80.9,10.26,48
2021-05-24,34,79.12,10.42,34
2021-05-25,60,80.46,10.6,60
2021-05-26,52,76.1,10.42,52
2021-05-27,40,74.76,9.42,40
2021-05-28,32,77.46,10.2,32
2021-05-29,38,76.54,9.88,38
2021-05-30,41,73.14,9.36,41
2021-05-31,44,73.82,9.44,44
2021-06-01,47,82.46,10.86,47
2021-06-02,53,77.76,10.46,53
2021-06-03,55,73.1,9.84,55
2021-06-04,42,83.2,10.52,42
2021-06-05,42,73.1,9.46,42
2021-06-06,38,69.26,9.16,38
2021-06-07,46,76.44,9.28,46
2021-06-08,49,77.7,10.06,49
2021-06-09,48,76.86,10.4,48
2021-06-10,41,69.16,9.02,41
2021-06-11,49,75.74,9.56,49
2021-06-12,41,77.74,10.58,41
2021-06-13,38,72.02,9.08,38
2021-06-14,61,74.78,9.64,61
2021-06-15,39,73.5,9.68,39
2021-06-16,39,83.5,10.76,39
2021-06-17,52,81.76,10.6,52
2021-06-18,41,75.12,9.7,41
2021-06-19,45,75.32,10.1,45
2021-06-20,45,70.26,9.46,45
2021-06-21,58,76.86,10.18,58
2021-06-22,37,76.52,9.62,37
2021-06-23,47,83.46,11.04,47
2021-06-24,45,77.52,10.0,45
2021-06-25,49,74.7,9.54,49
2021-06-26,40,81.78,10.46,40
2021-06-27,57,75.9,9.76,57
2021-06-28,31,78.36,10.52,31
2021-06-29,42,74.96,9.6,42
2021-06-30,47,70.58,9.36,47
2021-07-01,45,74.7,9.7,45
2021-07-02,48,82.82,10.74,48
2021-07-03,40,74.12,9.46,40
2021-07-04,46,82.26,10.92,46
2021-07-05,44,77.84,10.56,44
2021-07-06,53,72.12,9.5,53
2021-07-07,55,78.06,9.96,55
2021-07-08,43,71.42,9.44,43
2021-07-09,47,83.88,10.96,47
2021-07-10,52,74.82,9.56,52
2021-07-11,41,74.38,9.78,41
2021-07-12,37,72.36,9.88,37
2021-07-13,46,76.78,10.16,46
2021-07-14,41,78.86,10.3,41
2021-07-15,39,80.0,10.42,39
2021-07-16,40,75.88,10.04,40
2021-07-17,48,68.86,8.66,48
2021-07-18,44,81.16,10.7,44
2021-07-19,43,82.84,10.66,43
2021-07-20,48,80.2,9.82,48
2021-07-21,47,85.56,10.84,47
2021-07-22,37,78.44,10.74,37
2021-07-23,51,78.68,10.58,51
2021-07-24,50,73.52,10.28,50
2021-07-25,30,77.02,9.96,30
2021-07-26,48,80.0,10.3,48
2021-07-27,39,74.78,9.9,39
2021-07-28,33,72.4,10.02,33
2021-07-29,45,82.44,10.44,45
2021-07-30,53,73.36,9.68,53
2021-07-31,42,82.42,10.2,42
2021-08-01,49,71.08,8.78,49
2021-08-02,36,80.68,10.54,36
2021-08-03,44,80.98,11.0,44
2021-08-04,43,78.0,10.04,43
2021-08-05,47,77.76,10.34,47
2021-08-06,38,76.04,10.1,38
2021-08-07,42,79.88,10.56,42
2021-08-08,37,78.28,10.16,37
2021-08-09,34,84.72,10.64,34
2021-08-10,54,85.18,10.7,54
2021-08-11,44,84.7,11.58,44
2021-08-12,54,75.84,10.16,54
2021-08-13,37,80.24,10.6,37
2021-08-14,49,81.5,10.72,49
2021-08-15,51,77.64,10.74,51
2021-08-16,56,73.0,9.88,56
2021-08-17,46,78.78,10.14,46
2021-08-18,42,78.8,9.94,42
2021-08-19,49,71.24,9.24,49
2021-08-20,46,79.92,10.3,46
2021-08-21,49,76.78,9.76,49
2021-08-22,49,79.1,10.02,49
2021-08-23,56,77.32,9.92,56
2021-08-24,51,74.98,9.78,51
2021-08-25,52,77.14,10.48,52
2021-08-26,52,80.62,10.28,52
2021-08-27,38,78.64,9.78,38
2021-08-28,49,73.46,10.0,49
2021-08-29,42,82.24,10.46,42
2021-08-30,53,78.58,10.14,53
2021-08-31,49,66.84,8.82,49
2021-09-01,51,73.62,9.98,51
2021-09-02,49,74.34,10.02,49
2021-09-03,36,77.34,9.32,36
2021-09-04,42,77.06,10.0,42
2021-09-05,44,79.38,9.8,44
2021-09-06,40,72.88,9.5,40
2021-09-07,42,76.7,9.92,42
2021-09-08,50,84.06,10.5,50
2021-09-09,37,74.34,10.12,37
2021-09-10,40,75.82,10.22,40
2021-09-11,49,77.94,10.64,49
2021-09-12,40,83.64,11.12,40
2021-09-13,38,69.9,9.36,38
2021-09-14,51,76.18,10.28,51
2021-09-15,45,74.16,9.82,45
2021-09-16,41,79.02,10.86,41
2021-09-17,42,70.02,9.3,42
2021-09-18,31,77.5,9.86,31
2021-09-19,39,77.78,10.16,39
2021-09-20,53,82.72,10.46,53
2021-09-21,51,76.04,9.92,51
2021-09-22,48,69.46,8.6,48
2021-09-23,41,78.12,10.04,41
2021-09-24,45,73.78,9.86,45
2021-09-25,35,73.68,9.62,35
2021-09-26,42,73.96,9.64,42
2021-09-27,40,75.3,9.86,40
2021-09-28,45,76.02,9.0,45
2021-09-29,35,70.34,9.56,35
2021-09-30,38,84.86,11.48,38
2021-10-01,45,82.78,11.18,45
2021-10-02,48,78.78,10.84,48
2021-10-03,49,73.6,9.78,49
2021-10-04,49,77.9,9.7,49
2021-10-05,38,79.52,10.46,38
2021-10-06,46,66.24,8.44,46
2021-10-07,47,81.84,10.76,47
2021-10-08,42,77.14,10.24,42
2021-10-09,45,76.36,10.14,45
2021-10-10,46,74.86,9.46,46
2021-10-11,47,72.08,9.0,47
2021-10-12,44,77.46,9.72,44
2021-10-13,47,73.08,9.4,47
2021-10-14,31,79.16,10.56,31
2021-10-15,42,76.08,10.2,42
2021-10-16,41,77.22,10.26,41
2021-10-17,51,73.82,9.82,51
2021-10-18,40,80.18,10.6,40
2021-10-19,45,74.66,9.38,45
2021-10-20,50,78.7,10.56,50
2021-10-21,37,79.26,10.14,37
2021-10-22,34,72.7,9.8,34
2021-10-23,42,81.1,10.22,42
2021-10-24,44,78.52,9.98,44
2021-10-25,45,73.08,9.06,45
2021-10-26,50,77.2,9.6,50
2021-10-27,48,75.98,9.56,48
2021-10-28,43,78.26,10.72,43
2021-10-29,34,77.6,10.38,34
2021-10-30,43,76.76,10.16,43
2021-10-31,44,80.04,10.76,44
2021-11-01,57,75.74,10.22,57
2021-11-02,51,82.52,10.76,51
2021-11-03,60,75.68,10.42,60
2021-11-04,49,77.96,10.4,49
2021-11-05,42,71.3,9.18,42
2021-11-06,49,82.66,10.78,49
2021-11-07,56,71.98,9.2,56
2021-11-08,49,79.24,10.2,49
2021-11-09,37,77.26,10.24,37
2021-11-10,59,81.08,10.7,59
2021-11-11,52,75.1,10.22,52
2021-11-12,50,82.96,11.04,50
2021-11-13,43,76.38,10.08,43
2021-11-14,48,79.54,10.26,48
2021-11-15,38,71.02,9.28,38
2021-11-16,51,82.46,10.0,51
2021-11-17,43,82.62,10.92,43
2021-11-18,46,79.96,10.6,46
2021-11-19,36,80.46,10.78,36
2021-11-20,45,73.56,9.7,45
2021-11-21,47,74.52,9.84,47
2021-11-22,43,73.96,9.86,43
2021-11-23,40,81.9,10.86,40
2021-11-24,50,71.36,9.42,50
2021-11-25,45,68.6,8.8,45
2021-11-26,46,75.1,10.36,46
2021-11-27,47,80.24,11.06,47
2021-11-28,47,76.62,10.04,47
2021-11-29,47,73.96,10.0,47
2021-11-30,43,73.76,10.2,43
2021-12-01,47,80.68,10.22,47
2021-12-02,48,74.9,10.38,48
2021-12-03,41,78.76,10.04,41
2021-12-04,44,81.66,9.9,44
2021-12-05,53,68.12,9.0,53
2021-12-06,48,74.38,9.52,48
2021-12-07,41,70.04,8.72,41
2021-12-08,41,73.16,9.56,41
2021-12-09,39,81.7,9.94,39
2021-12-10,48,79.02,10.16,48
2021-12-11,47,82.9,10.78,47
2021-12-12,32,76.06,9.98,32
2021-12-13,45,81.82,10.02,45
2021-12-14,31,77.0,9.76,31
2021-12-15,37,81.86,10.88,37
2021-12-16,43,72.74,9.22,43
2021-12-17,41,70.98,9.82,41
2021-12-18,43,69.04,9.52,43
2021-12-19,52,79.24,9.72,52
2021-12-20,45,83.68,10.8,45
2021-12-21,42,77.54,10.12,42
2021-12-22,53,74.34,9.32,53
2021-12-23,50,74.6,9.62,50
2021-12-24,40,76.56,9.58,40
2021-12-25,41,76.42,9.52,41
2021-12-26,41,82.12,11.22,41
2021-12-27,52,73.96,9.28,52
2021-12-28,44,72.78,9.9,44
2021-12-29,49,69.98,8.9,49
2021-12-30,44,71.14,9.28,44
2021-12-31,38,83.54,10.3,38
2022-01-01,43,79.62,10.26,43
2022-01-02,48,77.76,10.66,48
2022-01-03,64,77.28,9.36,64
2022-01-04,43,74.66,9.78,43
2022-01-05,48,79.18,10.36,48
2022-01-06,44,80.22,10.32,44
2022-01-07,42,73.72,9.78,42
2022-01-08,52,75.3,10.54,52
2022-01-09,45,81.42,10.94,45
2022-01-10,49,72.38,9.54,49
2022-01-11,49,73.82,9.28,49
2022-01-12,41,78.02,9.74,41
2022-01-13,54,77.94,10.28,54
2022-01-14,39,80.24,10.0,39
2022-01-15,32,75.28,10.54,32
2022-01-16,37,79.02,10.08,37
2022-01-17,49,73.92,8.92,49
2022-01-18,47,80.48,10.78,47
2022-01-19,43,79.2,9.76,43
2022-01-20,46,73.22,9.12,46
2022-01-21,52,76.52,9.6,52
2022-01-22,34,80.5,10.22,34
2022-01-23,55,69.18,9.36,55
2022-01-24,42,76.48,9.5,42
2022-01-25,42,75.8,10.06,42
2022-01-26,42,78.5,9.86,42
2022-01-27,38,76.32,10.16,38
2022-01-28,46,80.56,9.88,46
2022-01-29,56,78.06,10.02,56
2022-01-30,38,71.94,9.12,38
2022-01-31,37,81.72,11.02,37
2022-02-01,56,74.78,9.26,56
2022-02-02,49,76.34,9.7,49
2022-02-03,56,74.4,9.62,56
2022-02-04,37,83.3,11.24,37
2022-02-05,50,81.14,10.72,50
2022-02-06,47,74.94,9.3,47
2022-02-07,48,77.82,10.6,48
2022-02-08,41,72.04,9.62,41
2022-02-09,47,71.08,9.12,47
2022-02-10,45,73.32,9.3,45
2022-02-11,41,70.36,9.4,41
2022-02-12,45,78.7,9.5,45
2022-02-13,44,73.82,9.9,44
2022-02-14,51,71.92,9.26,51
2022-02-15,56,73.52,9.22,56
2022-02-16,51,73.54,9.56,51
2022-02-17,37,72.84,10.02,37
2022-02-18,38,75.92,10.0,38
2022-02-19,50,80.1,10.14,50
2022-02-20,40,76.3,9.9,40
2022-02-21,55,79.3,9.92,55
2022-02-22,34,77.56,10.38,34
2022-02-23,47,73.86,9.88,47
2022-02-24,49,78.38,10.0,49
2022-02-25,57,73.4,9.74,57
2022-02-26,37,79.64,10.28,37
2022-02-27,45,75.9,9.52,45
2022-02-28,48,78.82,10.5,48
2022-03-01,42,74.74,10.04,42
2022-03-02,48,75.06,10.3,48
2022-03-03,38,72.56,9.42,38
2022-03-04,47,75.62,9.82,47
2022-03-05,43,72.54,9.68,43
2022-03-06,41,82.42,10.62,41
2022-03-07,41,81.02,10.6,41
2022-03-08,57,77.36,10.26,57
2022-03-09,37,85.22,11.0,37
2022-03-10,41,76.02,10.24,41
2022-03-11,37,82.48,10.38,37
2022-03-12,43,76.74,10.5,43
2022-03-13,41,76.96,9.58,41
2022-03-14,53,72.94,9.36,53
2022-03-15,49,83.74,11.56,49
2022-03-16,49,74.38,9.72,49
2022-03-17,48,79.52,10.04,48
2022-03-18,49,75.96,10.4,49
2022-03-19,45,74.2,9.92,45
2022-03-20,48,74.4,9.92,48
2022-03-21,36,76.52,9.76,36
2022-03-22,44,74.48,9.4,44
2022-03-23,44,80.1,10.14,44
2022-03-24,39,73.84,9.62,39
2022-03-25,41,76.08,10.12,41
2022-03-26,43,75.38,9.16,43
2022-03-27,42,72.18,8.64,42
2022-03-28,43,75.58,9.78,43
2022-03-29,49,76.94,10.0,49
2022-03-30,40,77.26,10.12,40
2022-03-31,49,76.22,10.3,49
2022-04-01,40,76.4,10.2,40
2022-04-02,51,77.38,9.56,51
2022-04-03,42,75.18,10.34,42
2022-04-04,49,77.16,9.84,49
2022-04-05,45,77.72,10.38,45
2022-04-06,40,75.98,10.1,40
2022-04-07,45,74.58,9.84,45
2022-04-08,45,77.12,9.8,45
2022-04-09,40,71.7,9.28,40
2022-04-10,64,75.46,9.92,64
2022-04-11,39,81.4,10.06,39
2022-04-12,49,82.72,11.46,49
2022-04-13,45,79.68,10.3,45
2022-04-14,40,78.5,10.6,40
2022-04-15,49,81.46,9.96,49
2022-04-16,44,68.38,9.46,44
2022-04-17,66,76.64,10.2,66
2022-04-18,47,69.78,9.24,47
2022-04-19,41,69.92,9.78,41
2022-04-20,48,76.12,10.06,48
2022-04-21,46,73.36,9.2,46
2022-04-22,46,77.96,10.58,46
2022-04-23,42,78.36,10.5,42
2022-04-24,55,73.7,9.94,55
2022-04-25,46,79.88,10.8,46
2022-04-26,45,76.5,10.14,45
2022-04-27,49,79.24,10.6,49
2022-04-28,41,79.1,10.0,41
2022-04-29,41,74.9,9.84,41
2022-04-30,48,78.62,10.26,48
2022-05-01,46,74.02,9.64,46
2022-05-02,30,78.72,10.34,30
2022-05-03,44,79.04,10.54,44
2022-05-04,39,83.28,10.78,39
2022-05-05,56,78.96,10.62,56
2022-05-06,40,81.92,10.68,40
2022-05-07,57,76.52,10.58,57
2022-05-08,41,77.58,9.78,41
2022-05-09,43,74.44,10.9,43
2022-05-10,51,75.66,9.7,51
2022-05-11,41,81.04,10.74,41
2022-05-12,63,79.24,9.58,63
2022-05-13,40,79.14,9.74,40
2022-05-14,44,75.16,10.3,44
2022-05-15,48,77.34,10.04,48
2022-05-16,41,81.28,10.66,41
2022-05-17,37,81.18,10.9,37
2022-05-18,42,77.36,9.96,42
2022-05-19,53,76.96,9.96,53
2022-05-20,46,75.54,9.94,46
2022-05-21,47,82.7,10.52,47
2022-05-22,42,83.88,10.76,42
2022-05-23,45,78.36,9.94,45
2022-05-24,46,74.08,9.22,46
2022-05-25,36,79.08,10.26,36
2022-05-26,37,78.64,9.92,37
2022-05-27,44,85.3,11.3,44
2022-05-28,39,77.68,9.92,39
2022-05-29,39,79.06,10.34,39
2022-05-30,50,77.12,9.84,50
2022-05-31,37,73.8,9.84,37
2022-06-01,42,78.8,10.72,42
2022-06-02,42,85.8,11.26,42
2022-06-03,45,81.76,10.62,45
2022-06-04,42,76.32,9.52,42
2022-06-05,35,78.02,10.36,35
2022-06-06,45,79.8,10.1,45
2022-06-07,56,78.22,9.84,56
2022-06-08,42,75.8,9.5,42
2022-06-09,56,74.86,9.9,56
2022-06-10,49,80.46,10.62,49
2022-06-11,34,80.22,10.62,34
2022-06-12,55,80.46,11.12,55
2022-06-13,46,77.86,9.76,46
2022-06-14,46,75.94,9.36,46
2022-06-15,48,83.78,11.1,48
2022-06-16,46,79.32,10.7,46
2022-06-17,41,71.32,9.26,41
2022-06-18,43,74.4,9.86,43
2022-06-19,58,74.84,9.42,58
2022-06-20,48,77.32,10.22,48
2022-06-21,49,81.6,10.46,49
2022-06-22,58,76.9,10.54,58
2022-06-23,52,75.4,10.42,52
2022-06-24,43,77.88,10.36,43
2022-06-25,39,78.22,9.86,39
2022-06-26,31,74.1,9.78,31
2022-06-27,44,78.44,10.02,44
2022-06-28,35,73.02,9.68,35
2022-06-29,46,72.7,9.3,46
2022-06-30,42,82.88,10.76,42
2022-07-01,53,78.82,11.06,53
2022-07-02,39,79.94,10.76,39
2022-07-03,49,76.84,10.24,49
2022-07-04,44,76.5,10.08,44
2022-07-05,56,84.24,10.48,56
2022-07-06,40,79.28,10.32,40
2022-07-07,33,75.68,10.1,33
2022-07-08,41,78.96,10.78,41
2022-07-09,51,77.94,10.1,51
2022-07-10,50,82.14,10.4,50
2022-07-11,46,74.86,9.4,46
2022-07-12,51,80.12,10.36,51
2022-07-13,52,77.76,9.68,52
2022-07-14,47,74.52,9.7,47
2022-07-15,52,78.04,9.58,52
2022-07-16,46,75.86,10.24,46
2022-07-17,53,81.5,10.52,53
2022-07-18,45,80.26,10.34,45
2022-07-19,51,77.86,10.32,51
2022-07-20,51,83.58,10.9,51
2022-07-21,40,78.78,9.88,40
2022-07-22,45,81.4,10.16,45
2022-07-23,34,77.36,10.4,34
2022-07-24,51,66.84,8.84,51
2022-07-25,37,78.4,10.4,37
2022-07-26,48,71.6,9.02,48
2022-07-27,42,76.44,10.28,42
2022-07-28,40,80.1,10.4,40
2022-07-29,44,79.38,10.86,44
2022-07-30,42,75.54,9.86,42
2022-07-31,47,73.4,9.96,47
2022-08-01,46,71.18,9.56,46
2022-08-02,38,82.4,10.24,38
2022-08-03,47,77.12,10.22,47
2022-08-04,41,77.2,9.8,41
2022-08-05,38,76.7,9.74,38
2022-08-06,60,77.62,9.94,60
2022-08-07,47,81.58,11.36,47
2022-08-08,42,72.96,9.32,42
2022-08-09,41,77.26,10.2,41
2022-08-10,35,76.78,10.02,35
2022-08-11,44,80.18,10.04,44
2022-08-12,45,71.48,9.98,45
2022-08-13,50,79.5,10.34,50
2022-08-14,53,80.12,10.72,53
2022-08-15,52,74.6,9.88,52
2022-08-16,60,77.2,9.4,60
2022-08-17,46,70.28,9.58,46
2022-08-18,44,72.78,9.74,44
2022-08-19,54,69.26,8.78,54
2022-08-20,44,76.92,10.08,44
2022-08-21,44,83.86,10.74,44
2022-08-22,41,73.66,10.2,41
2022-08-23,51,82.48,9.76,51
2022-08-24,45,84.48,10.46,45
2022-08-25,55,75.68,9.98,55
2022-08-26,51,78.26,10.22,51
2022-08-27,36,75.3,9.98,36
2022-08-28,50,76.3,9.42,50
2022-08-29,37,76.42,10.02,37
2022-08-30,40,77.1,9.78,40
2022-08-31,42,76.0,9.88,42
2022-09-01,37,79.22,10.3,37
2022-09-02,38,74.28,9.38,38
2022-09-03,48,77.14,9.8,48
2022-09-04,50,77.96,10.04,50
2022-09-05,48,76.8,10.72,48
2022-09-06,55,77.94,10.16,55
2022-09-07,33,72.68,9.76,33
2022-09-08,39,74.58,9.94,39
2022-09-09,56,77.76,10.36,56
2022-09-10,54,72.0,9.6,54
2022-09-11,47,76.0,9.82,47
2022-09-12,48,73.8,9.34,48
2022-09-13,47,75.86,9.32,47
2022-09-14,45,81.02,10.02,45
2022-09-15,42,71.5,9.16,42
2022-09-16,45,82.1,10.7,45
2022-09-17,44,75.84,10.14,44
2022-09-18,42,76.38,9.74,42
2022-09-19,48,86.84,11.64,48
2022-09-20,62,77.04,10.6,62
2022-09-21,66,77.74,9.86,66
2022-09-22,42,70.18,8.78,42
2022-09-23,41,82.48,10.5,41
2022-09-24,47,79.58,10.16,47
2022-09-25,49,76.36,10.08,49
2022-09-26,46,77.28,9.8,46
2022-09-27,54,74.94,9.82,54
2022-09-28,37,73.74,9.34,37
2022-09-29,40,76.48,9.64,40
2022-09-30,46,73.26,9.58,46
2022-10-01,37,81.24,10.18,37
2022-10-02,60,78.78,10.04,60
2022-10-03,53,79.98,10.8,53
2022-10-04,42,75.4,9.68,42
2022-10-05,39,73.5,9.4,39
2022-10-06,44,79.42,10.0,44
2022-10-07,51,78.46,10.5,51
2022-10-08,40,76.48,10.26,40
2022-10-09,53,80.72,10.3,53
2022-10-10,47,80.56,10.94,47
2022-10-11,36,81.16,11.14,36
2022-10-12,41,70.7,9.46,41
2022-10-13,39,77.78,10.62,39
2022-10-14,41,75.12,9.9,41
2022-10-15,49,73.96,9.54,49
2022-10-16,42,77.46,9.36,42
2022-10-17,48,77.78,10.76,48
2022-10-18,42,79.72,10.64,42
2022-10-19,49,74.3,9.54,49
2022-10-20,35,75.3,9.46,35
2022-10-21,47,77.1,10.56,47
2022-10-22,38,76.24,9.36,38
2022-10-23,51,83.98,10.4,51
2022-10-24,38,76.66,9.54,38
2022-10-25,49,81.58,10.82,49
2022-10-26,52,80.46,9.8,52
2022-10-27,43,78.86,10.12,43
2022-10-28,43,76.02,9.78,43
2022-10-29,53,81.8,10.68,53
2022-10-30,42,80.0,10.3,42
2022-10-31,52,78.9,10.42,52
2022-11-01,38,71.1,10.02,38
2022-11-02,55,77.66,9.36,55
2022-11-03,54,82.58,10.84,54
2022-11-04,47,74.58,9.64,47
2022-11-05,48,70.48,9.96,48
2022-11-06,54,73.7,8.9,54
2022-11-07,37,80.34,10.3,37
2022-11-08,48,81.0,10.5,48
2022-11-09,53,71.54,9.44,53
2022-11-10,34,76.64,9.6,34
2022-11-11,47,80.08,10.06,47
2022-11-12,45,76.72,10.16,45
2022-11-13,52,76.08,9.68,52
2022-11-14,55,68.24,8.9,55
2022-11-15,55,75.76,10.12,55
2022-11-16,39,79.76,9.96,39
2022-11-17,48,75.38,9.78,48
2022-11-18,49,81.86,10.62,49
2022-11-19,50,76.22,9.88,50
2022-11-20,36,77.2,10.06,36
2022-11-21,47,72.14,9.22,47
2022-11-22,50,75.26,10.3,50
2022-11-23,55,73.8,9.42,55
2022-11-24,52,77.92,9.74,52
2022-11-25,49,80.42,10.28,49
2022-11-26,49,77.24,9.7,49
2022-11-27,53,77.54,10.74,53
2022-11-28,27,79.56,9.7,27
2022-11-29,44,70.96,8.74,44
2022-11-30,39,82.42,11.06,39
2022-12-01,49,80.06,10.5,49
2022-12-02,41,75.58,9.64,41
2022-12-03,43,73.16,10.0,43
2022-12-04,45,80.18,10.7,45
2022-12-05,44,79.04,9.98,44
2022-12-06,47,81.62,10.92,47
2022-12-07,52,76.04,9.78,52
2022-12-08,43,75.08,9.46,43
2022-12-09,53,79.92,10.26,53
2022-12-10,40,77.04,10.12,40
2022-12-11,43,73.62,9.8,43
2022-12-12,54,79.18,10.3,54
2022-12-13,42,77.5,11.04,42
2022-12-14,49,76.86,9.82,49
2022-12-15,48,78.42,9.98,48
2022-12-16,46,74.24,9.96,46
2022-12-17,36,77.38,9.82,36
2022-12-18,38,73.54,9.76,38
2022-12-19,41,74.5,9.86,41
2022-12-20,47,76.84,9.4,47
2022-12-21,59,80.1,10.72,59
2022-12-22,41,77.76,10.42,41
2022-12-23,42,75.58,10.26,42
2022-12-24,43,80.92,10.36,43
2022-12-25,49,73.14,9.74,49
2022-12-26,51,82.74,11.08,51
2022-12-27,33,74.74,9.84,33
2022-12-28,51,80.9,10.74,51
2022-12-29,40,78.2,9.98,40
2022-12-30,44,81.26,10.66,44
2022-12-31,49,74.4,9.46,49
2023-01-01,53,76.12,9.9,53
2023-01-02,45,84.66,11.16,45
2023-01-03,53,70.7,8.92,53
2023-01-04,45,76.84,9.8,45
2023-01-05,52,83.4,9.74,52
2023-01-06,62,76.24,9.76,62
2023-01-07,51,77.2,10.34,51
2023-01-08,49,74.46,9.58,49
2023-01-09,48,71.9,9.62,48
2023-01-10,43,75.2,9.42,43
2023-01-11,48,77.98,9.58,48
2023-01-12,54,75.16,10.18,54
2023-01-13,53,77.5,9.48,53
2023-01-14,49,73.28,9.1,49
2023-01-15,46,80.38,10.34,46
2023-01-16,47,76.66,9.68,47
2023-01-17,53,76.52,10.18,53
2023-01-18,54,73.28,9.52,54
2023-01-19,63,75.58,9.74,63
2023-01-20,34,74.02,9.4,34
2023-01-21,43,75.88,10.16,43
2023-01-22,36,80.02,10.36,36
2023-01-23,48,78.44,10.02,48
2023-01-24,44,73.58,9.8,44
2023-01-25,51,81.72,10.48,51
2023-01-26,52,73.06,9.56,52
2023-01-27,43,78.7,10.08,43
2023-01-28,47,79.82,10.84,47
2023-01-29,50,77.74,9.82,50
2023-01-30,32,77.42,9.66,32
2023-01-31,41,77.18,10.4,41
2023-02-01,41,80.84,10.36,41
2023-02-02,42,73.42,9.56,42
2023-02-03,44,74.76,9.7,44
2023-02-04,46,80.4,10.36,46
2023-02-05,42,76.04,10.16,42
2023-02-06,47,84.32,9.8,47
2023-02-07,39,86.8,10.3,39
2023-02-08,37,80.06,10.14,37
2023-02-09,54,74.54,10.34,54
2023-02-10,47,78.86,10.3,47
2023-02-11,40,76.12,9.86,40
2023-02-12,52,79.64,10.62,52
2023-02-13,43,76.36,10.08,43
2023-02-14,30,84.82,10.32,30
2023-02-15,44,81.36,10.16,44
2023-02-16,44,75.3,9.82,44
2023-02-17,38,86.08,10.52,38
2023-02-18,47,76.5,9.76,47
2023-02-19,52,83.34,10.94,52
2023-02-20,43,72.9,9.58,43
2023-02-21,53,72.88,9.4,53
2023-02-22,41,75.86,9.56,41
2023-02-23,53,76.94,10.1,53
2023-02-24,39,76.1,10.28,39
2023-02-25,43,76.44,10.5,43
2023-02-26,54,72.02,9.12,54
2023-02-27,47,72.1,9.6,47
2023-02-28,47,77.0,9.46,47
2023-03-01,47,74.56,9.6,47
2023-03-02,50,75.6,10.02,50
2023-03-03,47,72.1,9.06,47
2023-03-04,56,76.94,9.72,56
2023-03-05,49,82.3,10.54,49
2023-03-06,44,71.78,9.56,44
2023-03-07,39,79.28,10.32,39
2023-03-08,40,75.12,9.64,40
2023-03-09,41,79.42,10.64,41
2023-03-10,49,80.86,10.3,49
2023-03-11,38,82.7,10.46,38
2023-03-12,43,79.76,10.04,43
2023-03-13,37,73.8,10.0,37
2023-03-14,65,80.0,10.74,65
2023-03-15,48,80.98,10.36,48
2023-03-16,52,75.86,10.06,52
2023-03-17,39,78.64,10.54,39
2023-03-18,47,75.22,9.78,47
2023-03-19,57,77.54,9.58,57
2023-03-20,50,76.24,10.5,50
2023-03-21,53,72.32,9.54,53
2023-03-22,45,79.48,9.44,45
2023-03-23,44,69.68,9.36,44
2023-03-24,36,76.86,10.2,36
2023-03-25,37,83.42,10.68,37
2023-03-26,45,70.92,8.74,45
2023-03-27,48,80.1,10.98,48
2023-03-28,44,75.88,9.66,44
2023-03-29,43,76.2,9.92,43
2023-03-30,34,75.52,9.92,34
2023-03-31,45,71.74,9.98,45
2023-04-01,39,76.94,10.48,39
2023-04-02,50,81.32,10.26,50
2023-04-03,64,76.82,9.82,64
2023-04-04,55,83.16,10.54,55
2023-04-05,39,68.7,9.18,39
2023-04-06,43,81.58,11.04,43
2023-04-07,61,79.34,9.98,61
2023-04-08,42,79.42,10.2,42
2023-04-09,37,76.32,9.94,37
2023-04-10,42,80.4,10.26,42
2023-04-11,47,81.5,11.16,47
2023-04-12,52,76.66,10.48,52
2023-04-13,52,74.34,9.42,52
2023-04-14,57,78.16,10.44,57
2023-04-15,52,70.56,9.22,52
2023-04-16,55,73.68,9.76,55
2023-04-17,40,76.76,9.4,40
2023-04-18,51,75.64,9.42,51
2023-04-19,47,72.72,9.32,47
2023-04-20,36,76.88,10.28,36
2023-04-21,49,74.9,9.7,49
2023-04-22,39,79.26,10.24,39
2023-04-23,36,76.06,10.26,36
2023-04-24,41,79.22,10.42,41
2023-04-25,52,70.12,10.1,52
2023-04-26,56,76.84,9.28,56
2023-04-27,59,75.58,10.02,59
2023-04-28,31,80.2,11.24,31
2023-04-29,45,71.12,8.96,45
2023-04-30,46,74.98,9.92,46
2023-05-01,42,75.26,9.38,42
2023-05-02,41,81.28,10.82,41
2023-05-03,45,74.98,10.08,45
2023-05-04,49,73.58,9.5,49
2023-05-05,51,75.28,9.58,51
2023-05-06,53,77.38,9.94,53
2023-05-07,50,74.4,10.2,50
2023-05-08,48,74.6,9.68,48
2023-05-09,50,79.38,10.44,50
2023-05-10,44,76.64,9.94,44
2023-05-11,46,76.7,10.04,46
2023-05-12,40,75.8,10.3,40
2023-05-13,43,75.76,10.42,43
2023-05-14,38,66.68,9.24,38
2023-05-15,41,74.0,9.2,41
2023-05-16,53,86.92,10.6,53
2023-05-17,48,73.62,10.12,48
2023-05-18,49,80.42,9.84,49
2023-05-19,50,81.0,9.92,50
2023-05-20,47,78.74,10.14,47
2023-05-21,41,73.06,9.46,41
2023-05-22,51,81.76,10.7,51
2023-05-23,46,76.48,10.04,46
2023-05-24,51,78.1,10.16,51
2023-05-25,50,82.72,10.94,50
2023-05-26,53,80.0,10.76,53
2023-05-27,48,77.7,10.12,48
2023-05-28,44,72.04,9.36,44
2023-05-29,51,78.88,10.44,51
2023-05-30,39,68.58,8.66,39
2023-05-31,41,82.32,10.6,41
2023-06-01,53,78.46,10.44,53
2023-06-02,53,75.6,9.24,53
2023-06-03,46,79.74,10.64,46
2023-06-04,34,81.68,10.68,34
2023-06-05,46,77.28,10.22,46
2023-06-06,45,70.78,9.38,45
2023-06-07,56,75.94,9.72,56
2023-06-08,38,72.7,9.62,38
2023-06-09,36,77.1,10.94,36
2023-06-10,42,73.1,9.52,42
2023-06-11,49,76.58,9.64,49
2023-06-12,36,77.74,9.94,36
2023-06-13,52,77.5,9.64,52
2023-06-14,41,81.3,10.22,41
2023-06-15,45,72.66,9.02,45
2023-06-16,44,74.28,10.06,44
2023-06-17,41,77.78,10.08,41
2023-06-18,38,76.66,9.84,38
2023-06-19,42,79.42,10.58,42
2023-06-20,42,79.5,10.12,42
2023-06-21,46,79.14,10.4,46
2023-06-22,38,74.6,10.02,38
2023-06-23,55,76.62,9.88,55
2023-06-24,57,80.06,10.42,57
2023-06-25,48,73.88,9.74,48
2023-06-26,39,75.8,9.66,39
2023-06-27,45,75.96,10.22,45
2023-06-28,42,78.8,9.24,42
2023-06-29,42,79.62,10.2,42
2023-06-30,52,85.24,10.66,52
2023-07-01,58,72.04,9.56,58
2023-07-02,50,85.1,10.96,50
2023-07-03,43,76.1,10.08,43
2023-07-04,49,76.84,10.2,49
2023-07-05,40,73.38,9.42,40
2023-07-06,39,75.7,9.78,39
2023-07-07,47,76.1,10.2,47
2023-07-08,57,74.34,9.54,57
2023-07-09,34,78.4,9.94,34
2023-07-10,52,72.02,9.54,52
2023-07-11,49,74.94,8.96,49
2023-07-12,45,81.18,10.16,45
2023-07-13,41,79.18,10.02,41
2023-07-14,54,77.42,9.84,54
2023-07-15,49,73.26,9.42,49
2023-07-16,56,78.92,9.68,56
2023-07-17,49,69.38,9.38,49
2023-07-18,48,73.88,9.94,48
2023-07-19,37,73.04,9.52,37
2023-07-20,48,83.74,10.96,48
2023-07-21,53,71.88,9.08,53
2023-07-22,37,81.84,10.54,37
2023-07-23,61,79.0,11.2,61
2023-07-24,55,81.32,11.06,55
2023-07-25,43,77.2,10.2,43
2023-07-26,43,81.82,10.5,43
2023-07-27,37,76.14,9.44,37
2023-07-28,39,74.36,10.08,39
2023-07-29,50,76.38,10.28,50
2023-07-30,38,78.0,10.02,38
2023-07-31,46,75.76,9.7,46
2023-08-01,52,76.14,9.8,52
2023-08-02,38,77.1,10.4,38
2023-08-03,47,76.08,9.84,47
2023-08-04,52,83.1,10.76,52
2023-08-05,41,77.12,10.4,41
2023-08-06,37,76.74,9.18,37
2023-08-07,54,81.22,10.74,54
2023-08-08,45,77.42,10.68,45
2023-08-09,55,72.84,10.08,55
2023-08-10,53,79.5,10.08,53
2023-08-11,36,73.38,10.12,36
2023-08-12,54,74.22,10.22,54
2023-08-13,47,74.08,9.62,47
2023-08-14,46,79.12,10.46,46
2023-08-15,35,83.26,10.84,35
2023-08-16,48,73.44,9.2,48
2023-08-17,49,77.74,10.22,49
2023-08-18,43,75.58,9.96,43
2023-08-19,55,77.66,10.38,55
2023-08-20,57,75.66,9.22,57
2023-08-21,49,75.78,10.12,49
2023-08-22,51,77.16,10.42,51
2023-08-23,43,79.62,10.28,43
2023-08-24,52,81.94,10.84,52
2023-08-25,58,70.3,8.72,58
2023-08-26,52,79.38,10.26,52
2023-08-27,55,80.16,10.94,55
2023-08-28,49,76.58,9.7,49
2023-08-29,42,79.68,10.4,42
2023-08-30,41,76.72,10.12,41
2023-08-31,47,72.3,9.32,47
2023-09-01,45,71.44,9.68,45
2023-09-02,29,76.4,10.18,29
2023-09-03,43,81.22,10.74,43
2023-09-04,46,80.86,10.92,46
2023-09-05,51,77.5,10.52,51
2023-09-06,50,81.16,10.8,50
2023-09-07,53,76.38,10.92,53
2023-09-08,41,74.16,9.44,41
2023-09-09,50,74.36,9.38,50
2023-09-10,45,81.62,10.4,45
2023-09-11,45,76.52,9.8,45
2023-09-12,32,77.56,10.2,32
2023-09-13,34,78.3,10.66,34
2023-09-14,44,76.4,9.66,44
2023-09-15,49,81.66,10.82,49
2023-09-16,51,73.74,9.56,51
2023-09-17,43,85.54,11.34,43
2023-09-18,45,75.68,9.86,45
2023-09-19,56,71.92,9.96,56
2023-09-20,45,77.12,9.6,45
2023-09-21,43,72.44,9.76,43
2023-09-22,53,80.42,9.6,53
2023-09-23,49,74.28,9.32,49
2023-09-24,37,70.62,9.2,37
2023-09-25,40,72.24,9.78,40
2023-09-26,55,84.7,10.94,55
2023-09-27,42,70.68,9.0,42
2023-09-28,43,77.64,10.72,43
2023-09-29,42,75.8,9.46,42
2023-09-30,46,80.78,10.34,46
2023-10-01,50,81.16,11.0,50
2023-10-02,51,77.18,9.92,51
2023-10-03,47,78.78,10.0,47
2023-10-04,42,73.12,9.3,42
2023-10-05,45,70.12,9.38,45
2023-10-06,39,73.04,8.94,39
2023-10-07,40,82.16,10.18,40
2023-10-08,47,80.48,10.0,47
2023-10-09,42,76.84,10.9,42
2023-10-10,49,78.68,10.28,49
2023-10-11,34,79.8,11.02,34
2023-10-12,50,74.0,9.54,50
2023-10-13,38,73.86,9.12,38
2023-10-14,34,75.54,10.38,34
2023-10-15,62,78.76,9.66,62
2023-10-16,45,81.0,10.82,45
2023-10-17,47,79.14,9.88,47
2023-10-18,39,78.76,9.88,39
2023-10-19,45,78.5,9.86,45
2023-10-20,47,79.3,10.6,47
2023-10-21,58,78.5,9.96,58
2023-10-22,48,73.02,9.9,48
2023-10-23,37,79.78,10.66,37
2023-10-24,40,77.42,10.08,40
2023-10-25,42,79.3,10.62,42
2023-10-26,47,75.52,9.6,47
2023-10-27,46,76.18,9.88,46
2023-10-28,44,79.04,10.6,44
2023-10-29,53,76.8,10.0,53
2023-10-30,45,74.74,9.6,45
2023-10-31,65,82.38,10.5,65
2023-11-01,44,83.88,11.76,44
2023-11-02,50,82.72,10.16,50
2023-11-03,42,72.92,9.44,42
2023-11-04,49,74.3,9.76,49
2023-11-05,43,72.2,9.5,43
2023-11-06,49,76.2,10.44,49
2023-11-07,43,81.94,10.68,43
2023-11-08,37,73.68,9.54,37
2023-11-09,53,78.08,10.0,53
2023-11-10,58,69.3,8.92,58
2023-11-11,39,69.22,9.14,39
2023-11-12,53,73.26,9.7,53
2023-11-13,55,78.7,10.58,55
2023-11-14,44,74.38,9.84,44
2023-11-15,32,80.84,10.22,32
2023-11-16,50,74.28,9.84,50
2023-11-17,44,82.7,10.52,44
2023-11-18,60,80.8,10.78,60
2023-11-19,48,75.66,9.66,48
2023-11-20,61,75.5,9.56,61
2023-11-21,51,78.02,10.34,51
2023-11-22,44,71.28,9.12,44
2023-11-23,38,70.52,8.96,38
2023-11-24,41,76.8,9.82,41
2023-11-25,41,75.12,9.6,41
2023-11-26,50,76.64,9.16,50
2023-11-27,35,71.86,9.78,35
2023-11-28,49,69.24,9.54,49
2023-11-29,44,71.88,9.24,44
2023-11-30,40,81.0,10.36,40
2023-12-01,49,73.66,9.54,49
2023-12-02,49,76.18,9.56,49
2023-12-03,35,75.04,10.14,35
2023-12-04,53,76.52,9.66,53
2023-12-05,48,69.2,9.6,48
2023-12-06,46,75.18,9.86,46
2023-12-07,36,79.74,10.66,36
2023-12-08,41,79.36,10.64,41
2023-12-09,41,82.82,11.04,41
2023-12-10,50,82.44,11.0,50
2023-12-11,53,77.8,10.22,53
2023-12-12,49,77.6,10.06,49
2023-12-13,46,74.62,9.72,46
2023-12-14,39,76.26,9.98,39
2023-12-15,47,75.18,9.64,47
2023-12-16,46,77.76,10.74,46
2023-12-17,43,82.16,10.72,43
2023-12-18,37,67.6,9.48,37
2023-12-19,43,83.42,10.52,43
2023-12-20,55,75.98,9.74,55
2023-12-21,49,80.66,10.7,49
2023-12-22,55,79.44,10.74,55
2023-12-23,53,73.16,9.98,53
2023-12-24,43,74.24,9.44,43
2023-12-25,51,76.94,9.46,51
2023-12-26,43,75.26,9.72,43
2023-12-27,49,76.78,10.12,49
2023-12-28,53,75.62,9.98,53
2023-12-29,42,73.34,9.46,42
2023-12-30,47,76.42,9.9,47
2023-12-31,43,69.58,8.96,43
2024-01-01,47,78.82,10.84,47
2024-01-02,50,75.18,10.2,50
2024-01-03,52,82.02,10.62,52
2024-01-04,43,74.84,10.0,43
2024-01-05,58,75.06,9.58,58
2024-01-06,42,75.18,9.84,42
2024-01-07,47,74.06,10.0,47
2024-01-08,39,78.46,10.36,39
2024-01-09,53,80.16,10.66,53
2024-01-10,39,78.3,10.3,39
2024-01-11,40,75.44,10.24,40
2024-01-12,48,75.42,10.22,48
2024-01-13,42,89.14,11.76,42
2024-01-14,39,74.78,9.62,39
2024-01-15,47,75.28,9.76,47
2024-01-16,41,78.4,9.82,41
2024-01-17,55,83.32,10.9,55
2024-01-18,43,81.48,10.04,43
2024-01-19,63,73.72,9.84,63
2024-01-20,48,83.18,10.3,48
2024-01-21,41,76.86,9.64,41
2024-01-22,49,70.76,10.08,49
2024-01-23,52,79.6,11.06,52
2024-01-24,49,84.22,11.2,49
2024-01-25,53,78.6,9.98,53
2024-01-26,55,79.4,10.22,55
2024-01-27,49,75.34,9.82,49
2024-01-28,27,76.56,9.98,27
2024-01-29,49,78.64,9.8,49
2024-01-30,51,72.02,9.56,51
2024-01-31,39,78.76,10.3,39
2024-02-01,50,75.42,9.74,50
2024-02-02,39,79.56,9.78,39
2024-02-03,51,80.52,10.34,51
2024-02-04,54,76.38,9.8,54
2024-02-05,39,74.08,10.18,39
2024-02-06,52,77.82,10.44,52
2024-02-07,47,78.02,10.44,47
2024-02-08,34,74.04,9.84,34
2024-02-09,45,69.04,9.12,45
2024-02-10,46,74.58,10.48,46
2024-02-11,56,78.1,10.36,56
2024-02-12,46,76.4,9.98,46
2024-02-13,41,77.08,9.44,41
2024-02-14,48,72.88,9.7,48
2024-02-15,41,76.2,9.76,41
2024-02-16,38,83.1,10.8,38
2024-02-17,53,76.74,10.38,53
2024-02-18,47,72.16,9.7,47
2024-02-19,40,81.04,10.22,40
2024-02-20,51,73.94,9.74,51
2024-02-21,43,81.8,10.76,43
2024-02-22,32,78.72,10.22,32
2024-02-23,48,71.74,9.56,48
2024-02-24,47,74.42,9.82,47
2024-02-25,38,79.6,10.52,38
2024-02-26,56,78.32,9.86,56
2024-02-27,56,73.14,10.06,56
2024-02-28,39,75.48,9.26,39
2024-02-29,40,78.26,9.88,40
2024-03-01,43,81.34,11.04,43
2024-03-02,56,75.86,9.7,56
2024-03-03,48,74.14,10.06,48
2024-03-04,43,83.88,10.46,43
2024-03-05,47,76.06,9.64,47
2024-03-06,47,77.3,10.14,47
2024-03-07,51,75.54,9.96,51
2024-03-08,53,80.68,10.94,53
2024-03-09,53,74.1,9.94,53
2024-03-10,63,68.84,9.26,63
2024-03-11,33,77.38,9.96,33
2024-03-12,52,80.18,10.12,52
2024-03-13,38,79.94,10.18,38
2024-03-14,41,75.5,10.2,41
2024-03-15,51,79.32,10.14,51
2024-03-16,58,73.52,9.46,58
2024-03-17,44,75.26,10.12,44
2024-03-18,49,73.14,9.34,49
2024-03-19,38,76.84,9.54,38
2024-03-20,46,81.62,10.84,46
2024-03-21,52,77.26,10.18,52
2024-03-22,51,73.74,9.36,51
2024-03-23,42,76.12,9.22,42
2024-03-24,42,78.3,10.76,42
2024-03-25,44,78.46,10.32,44
2024-03-26,37,77.28,10.28,37
2024-03-27,52,77.58,10.64,52
2024-03-28,48,77.34,10.18,48
2024-03-29,38,75.32,10.38,38
2024-03-30,53,75.48,10.18,53
2024-03-31,35,70.36,9.68,35
2024-04-01,40,73.38,9.86,40
2024-04-02,48,84.06,10.44,48
2024-04-03,33,77.32,9.68,33
2024-04-04,57,80.9,10.16,57
2024-04-05,43,70.42,9.04,43
2024-04-06,31,81.54,10.42,31
2024-04-07,53,74.52,9.7,53
2024-04-08,59,72.2,9.48,59
2024-04-09,38,73.96,10.24,38
2024-04-10,38,79.68,10.2,38
2024-04-11,54,80.82,10.02,54
2024-04-12,37,87.0,11.06,37
2024-04-13,41,78.22,10.18,41
2024-04-14,42,75.68,9.72,42
2024-04-15,32,77.04,9.7,32
2024-04-16,51,81.4,10.46,51
2024-04-17,60,70.34,8.98,60
2024-04-18,50,86.64,11.0,50
2024-04-19,52,79.02,10.56,52
2024-04-20,43,77.58,10.24,43
2024-04-21,42,77.6,10.98,42
2024-04-22,52,69.74,8.92,52
2024-04-23,50,79.84,10.38,50
2024-04-24,57,74.28,9.88,57
2024-04-25,36,77.92,10.04,36
2024-04-26,37,77.24,9.72,37
2024-04-27,52,75.66,9.58,52
2024-04-28,46,80.12,10.38,46
2024-04-29,55,76.6,10.0,55
2024-04-30,35,82.7,10.52,35
2024-05-01,55,76.48,9.94,55
2024-05-02,39,76.72,10.5,39
2024-05-03,49,81.74,10.74,49
2024-05-04,41,75.82,10.08,41
2024-05-05,44,79.42,10.1,44
2024-05-06,54,76.5,9.8,54
2024-05-07,40,74.36,9.76,40
2024-05-08,41,83.7,11.0,41
2024-05-09,41,76.58,9.76,41
2024-05-10,44,78.82,9.9,44
2024-05-11,50,77.06,9.82,50
2024-05-12,31,65.4,9.12,31
2024-05-13,51,82.5,11.24,51
2024-05-14,36,73.76,9.34,36
2024-05-15,58,81.24,10.12,58
2024-05-16,54,77.56,9.88,54
2024-05-17,39,75.08,10.32,39
2024-05-18,45,82.5,10.62,45
2024-05-19,34,73.64,9.36,34
2024-05-20,45,76.9,10.56,45
2024-05-21,44,73.88,9.66,44
2024-05-22,54,76.88,10.34,54
2024-05-23,51,74.76,10.06,51
2024-05-24,39,76.38,10.26,39
2024-05-25,29,71.26,9.06,29
2024-05-26,51,74.74,10.3,51
2024-05-27,40,77.74,9.86,40
2024-05-28,50,82.2,10.5,50
2024-05-29,45,75.94,10.34,45
2024-05-30,46,76.06,9.94,46
2024-05-31,37,76.06,9.08,37
2024-06-01,55,73.94,10.06,55
2024-06-02,52,72.06,9.2,52
2024-06-03,46,71.36,9.14,46
2024-06-04,50,75.52,9.92,50
2024-06-05,52,77.72,10.06,52
2024-06-06,42,75.06,9.6,42
2024-06-07,47,80.78,11.22,47
2024-06-08,38,78.68,10.7,38
2024-06-09,39,74.16,9.7,39
2024-06-10,40,77.82,10.28,40
2024-06-11,33,74.98,9.66,33
2024-06-12,45,72.18,9.82,45
2024-06-13,37,77.42,9.8,37
2024-06-14,28,84.6,10.7,28
2024-06-15,48,80.14,10.56,48
2024-06-16,52,72.18,9.8,52
2024-06-17,51,83.14,10.54,51
2024-06-18,53,81.64,10.74,53
2024-06-19,51,80.22,10.54,51
2024-06-20,56,79.96,9.86,56
2024-06-21,44,77.44,9.96,44
2024-06-22,40,74.74,9.82,40
2024-06-23,36,80.3,10.74,36
2024-06-24,51,82.1,10.24,51
2024-06-25,47,77.4,10.58,47
2024-06-26,47,77.9,9.98,47
2024-06-27,47,75.26,9.82,47
2024-06-28,41,78.28,10.22,41
2024-06-29,50,75.9,9.74,50
2024-06-30,51,79.9,10.52,51
2024-07-01,32,74.32,9.96,32
2024-07-02,45,75.02,9.54,45
2024-07-03,46,74.84,9.96,46
2024-07-04,58,70.06,10.06,58
2024-07-05,38,76.1,9.9,38
2024-07-06,50,75.9,9.98,50
2024-07-07,39,78.7,10.58,39
2024-07-08,41,73.62,9.54,41
2024-07-09,40,81.48,10.6,40
2024-07-10,51,72.9,9.04,51
2024-07-11,37,74.84,10.26,37
2024-07-12,47,77.86,10.02,47
2024-07-13,51,77.08,9.48,51
2024-07-14,43,76.24,9.74,43
2024-07-15,45,78.68,10.44,45
2024-07-16,44,77.5,10.84,44
2024-07-17,51,82.34,11.16,51
2024-07-18,40,76.66,9.8,40
2024-07-19,35,80.14,10.54,35
2024-07-20,38,71.46,9.8,38
2024-07-21,41,80.2,10.92,41
2024-07-22,55,69.36,9.46,55
2024-07-23,33,79.02,10.22,33
2024-07-24,52,70.24,9.6,52
2024-07-25,45,80.46,10.0,45
2024-07-26,47,78.88,10.26,47
2024-07-27,47,72.56,10.04,47
2024-07-28,51,72.1,9.3,51
2024-07-29,49,77.0,9.5,49
2024-07-30,48,74.7,9.64,48
2024-07-31,52,70.48,9.86,52
2024-08-01,44,77.22,11.12,44
2024-08-02,45,74.94,10.08,45
2024-08-03,35,79.08,10.08,35
2024-08-04,52,77.1,10.42,52
2024-08-05,43,80.34,11.0,43
2024-08-06,57,77.32,10.0,57
2024-08-07,44,81.94,10.84,44
2024-08-08,51,78.02,10.4,51
2024-08-09,47,82.66,10.48,47
2024-08-10,42,82.16,10.56,42
2024-08-11,38,80.98,10.5,38
2024-08-12,47,84.2,10.86,47
2024-08-13,57,72.18,9.18,57
2024-08-14,51,70.78,9.3,51
2024-08-15,43,75.74,9.76,43
2024-08-16,45,82.52,10.26,45
2024-08-17,40,73.88,9.74,40
2024-08-18,48,78.26,10.14,48
2024-08-19,36,76.86,9.64,36
2024-08-20,63,75.96,9.52,63
2024-08-21,54,80.12,10.56,54
2024-08-22,36,72.72,9.48,36
2024-08-23,43,81.68,11.02,43
2024-08-24,59,79.32,10.78,59
2024-08-25,50,77.86,9.82,50
2024-08-26,43,72.12,9.52,43
2024-08-27,52,80.42,10.7,52
2024-08-28,41,73.52,9.68,41
2024-08-29,47,71.64,9.78,47
2024-08-30,38,76.62,9.5,38
2024-08-31,32,73.12,9.86,32
2024-09-01,48,81.28,10.4,48
2024-09-02,50,73.18,10.22,50
2024-09-03,47,78.88,9.8,47
2024-09-04,41,80.2,10.24,41
2024-09-05,46,72.36,10.04,46
2024-09-06,46,78.32,10.02,46
2024-09-07,25,78.18,9.98,25
2024-09-08,46,77.62,9.98,46
2024-09-09,45,76.42,10.18,45
2024-09-10,41,78.66,10.5,41
2024-09-11,40,81.44,10.1,40
2024-09-12,40,78.42,10.02,40
2024-09-13,46,74.0,9.66,46
2024-09-14,36,74.38,9.5,36
2024-09-15,47,74.0,9.36,47
2024-09-16,52,79.4,10.46,52
2024-09-17,45,79.48,9.7,45
2024-09-18,45,80.04,10.54,45
2024-09-19,46,77.08,10.34,46
2024-09-20,47,81.76,10.28,47
2024-09-21,41,71.58,9.52,41
2024-09-22,37,72.58,9.76,37
2024-09-23,46,80.24,10.78,46
2024-09-24,39,81.64,10.42,39
2024-09-25,29,81.76,10.84,29
2024-09-26,53,76.08,9.96,53
2024-09-27,35,73.22,9.32,35
2024-09-28,44,83.78,10.2,44
2024-09-29,43,76.04,10.08,43
2024-09-30,36,76.52,10.5,36
2024-10-01,38,78.18,10.1,38
2024-10-02,41,77.26,10.12,41
2024-10-03,43,77.64,10.16,43
2024-10-04,38,75.68,9.46,38
2024-10-05,43,80.56,11.2,43
2024-10-06,53,80.8,10.04,53
2024-10-07,65,77.66,10.66,65
2024-10-08,36,77.58,9.94,36
2024-10-09,38,76.08,10.0,38
2024-10-10,51,81.26,10.82,51
2024-10-11,50,76.64,10.08,50
2024-10-12,42,77.16,10.28,42
2024-10-13,55,77.06,9.94,55
2024-10-14,50,79.42,10.36,50
2024-10-15,40,74.54,9.72,40
2024-10-16,44,77.24,10.18,44
2024-10-17,55,80.8,10.48,55
2024-10-18,40,73.8,9.46,40
2024-10-19,53,78.98,10.02,53
2024-10-20,44,74.1,9.44,44
2024-10-21,43,77.12,10.26,43
2024-10-22,52,75.96,9.54,52
2024-10-23,39,82.24,11.16,39
2024-10-24,46,81.3,10.14,46
2024-10-25,40,75.92,10.02,40
2024-10-26,45,75.3,9.98,45
2024-10-27,64,73.58,9.52,64
2024-10-28,46,75.6,10.26,46
2024-10-29,54,82.82,10.88,54
2024-10-30,48,75.18,9.1,48
2024-10-31,54,73.36,9.36,54
2024-11-01,44,74.5,9.8,44
2024-11-02,58,76.0,10.48,58
2024-11-03,35,77.22,9.56,35
2024-11-04,34,80.36,10.94,34
2024-11-05,48,74.3,10.04,48
2024-11-06,50,73.36,10.1,50
2024-11-07,50,78.68,9.82,50
2024-11-08,36,80.18,10.64,36
2024-11-09,60,76.46,9.78,60
2024-11-10,59,80.64,11.26,59
2024-11-11,35,75.24,9.18,35
2024-11-12,35,80.3,10.56,35
2024-11-13,48,74.9,9.7,48
2024-11-14,43,80.26,10.88,43
2024-11-15,44,74.1,9.44,44
2024-11-16,47,78.88,10.74,47
2024-11-17,53,78.16,9.68,53
2024-11-18,34,82.1,11.04,34
2024-11-19,43,73.58,9.5,43
2024-11-20,36,72.36,9.6,36
2024-11-21,40,76.68,9.84,40
2024-11-22,40,78.84,9.9,40
2024-11-23,38,77.98,10.18,38
2024-11-24,57,81.84,10.44,57
2024-11-25,55,72.76,9.42,55
2024-11-26,45,74.5,9.6,45
2024-11-27,46,81.7,11.26,46
2024-11-28,49,78.74,10.42,49
2024-11-29,41,75.7,9.44,41
2024-11-30,48,80.24,10.3,48
2024-12-01,50,72.78,9.36,50
2024-12-02,51,76.92,9.88,51
2024-12-03,45,72.7,8.96,45
2024-12-04,48,74.04,9.58,48
2024-12-05,42,73.56,9.24,42
2024-12-06,47,74.72,9.76,47
2024-12-07,44,77.42,10.4,44
2024-12-08,52,78.36,10.62,52
2024-12-09,32,84.94,10.84,32
2024-12-10,30,77.12,10.0,30
2024-12-11,44,74.02,9.74,44
2024-12-12,45,73.34,9.56,45
2024-12-13,58,76.28,9.98,58
2024-12-14,37,78.24,10.4,37
2024-12-15,42,78.08,9.78,42
2024-12-16,41,84.16,11.28,41
2024-12-17,49,79.16,10.56,49
2024-12-18,37,74.32,10.08,37
2024-12-19,47,82.54,10.86,47
2024-12-20,46,79.74,10.34,46
2024-12-21,55,79.84,10.48,55
2024-12-22,48,72.74,9.5,48
2024-12-23,50,79.82,10.48,50
2024-12-24,44,81.28,10.5,44
2024-12-25,42,77.48,10.1,42
2024-12-26,45,79.26,10.4,45
2024-12-27,46,78.44,10.08,46
2024-12-28,39,76.18,9.96,39
2024-12-29,37,71.88,8.66,37
2024-12-30,50,79.04,9.84,50
2024-12-31,39,74.58,9.72,39
2025-01-01,36,80.74,10.6,36
2025-01-02,40,74.94,9.66,40
2025-01-03,33,70.48,9.56,33
2025-01-04,46,83.28,11.06,46
2025-01-05,45,78.82,10.76,45
2025-01-06,36,75.42,10.22,36
2025-01-07,55,73.44,9.5,55
2025-01-08,48,80.22,10.14,48
2025-01-09,50,74.24,9.88,50
2025-01-10,43,78.54,10.78,43
2025-01-11,50,74.52,9.54,50
2025-01-12,51,84.32,10.7,51
2025-01-13,42,81.12,11.0,42
2025-01-14,42,77.06,9.84,42
2025-01-15,48,78.04,10.18,48
2025-01-16,58,84.16,10.62,58
2025-01-17,55,75.2,9.72,55
2025-01-18,37,78.7,9.58,37
2025-01-19,53,77.08,9.58,53
2025-01-20,43,77.54,9.8,43
2025-01-21,49,72.26,10.22,49
2025-01-22,50,81.28,11.1,50
2025-01-23,43,79.84,10.56,43
2025-01-24,45,76.9,10.24,45
2025-01-25,46,78.96,9.86,46
2025-01-26,40,77.48,10.38,40
2025-01-27,46,82.78,10.32,46
2025-01-28,52,74.9,9.9,52
2025-01-29,62,74.56,10.04,62
2025-01-30,42,76.7,9.96,42
2025-01-31,43,77.06,10.44,43
2025-02-01,41,74.46,9.74,41
2025-02-02,38,77.94,10.14,38
2025-02-03,55,72.74,9.86,55
2025-02-04,48,74.56,9.78,48
2025-02-05,45,78.46,10.3,45
2025-02-06,45,71.06,9.66,45
2025-02-07,48,76.68,10.08,48
2025-02-08,39,79.76,10.04,39
2025-02-09,43,83.78,10.92,43
2025-02-10,38,79.72,10.48,38
2025-02-11,37,76.8,9.76,37
2025-02-12,42,81.14,10.52,42
2025-02-13,50,76.8,10.54,50
2025-02-14,63,80.44,10.08,63
2025-02-15,34,80.64,10.26,34
2025-02-16,38,75.24,9.76,38
2025-02-17,34,72.66,9.86,34
2025-02-18,45,77.1,10.56,45
2025-02-19,44,76.86,9.86,44
2025-02-20,41,75.16,10.34,41
2025-02-21,41,70.78,9.24,41
2025-02-22,50,75.72,9.72,50
2025-02-23,43,78.08,10.24,43
2025-02-24,49,78.18,9.96,49
2025-02-25,61,77.2,10.1,61
2025-02-26,32,85.8,10.52,32
2025-02-27,54,73.18,9.62,54
2025-02-28,35,75.94,9.92,35
2025-03-01,51,79.48,10.64,51
2025-03-02,50,77.22,9.96,50
2025-03-03,41,80.92,10.32,41
2025-03-04,31,80.68,10.1,31
2025-03-05,42,81.04,10.6,42
2025-03-06,54,80.02,10.5,54
2025-03-07,39,77.0,10.14,39
2025-03-08,49,79.72,10.18,49
2025-03-09,39,81.08,10.86,39
2025-03-10,48,79.92,10.74,48
2025-03-11,37,71.96,8.76,37
2025-03-12,47,78.3,9.14,47
2025-03-13,52,74.1,10.16,52
2025-03-14,60,74.7,9.84,60
2025-03-15,47,75.2,10.08,47
2025-03-16,39,78.22,10.1,39
2025-03-17,43,73.62,9.86,43
2025-03-18,45,73.98,9.62,45
2025-03-19,51,76.42,10.06,51
2025-03-20,56,79.34,10.28,56
2025-03-21,62,73.84,9.54,62
2025-03-22,46,77.38,9.84,46
2025-03-23,56,76.44,9.92,56
2025-03-24,44,78.26,10.28,44
2025-03-25,50,74.8,10.14,50
2025-03-26,44,75.26,10.0,44
2025-03-27,42,75.62,9.76,42
2025-03-28,37,74.84,9.66,37
2025-03-29,41,74.68,10.22,41
2025-03-30,46,73.22,9.2,46
2025-03-31,64,84.7,10.76,64
2025-04-01,36,73.98,8.9,36
2025-04-02,48,82.22,10.56,48
2025-04-03,46,78.88,10.4,46
2025-04-04,54,77.02,10.06,54
2025-04-05,38,77.9,10.66,38
2025-04-06,51,73.48,9.4,51
2025-04-07,52,81.48,10.62,52
2025-04-08,36,84.68,10.5,36
2025-04-09,50,74.24,10.22,50
2025-04-10,50,75.72,9.74,50
2025-04-11,44,78.32,9.94,44
2025-04-12,43,77.86,10.06,43
2025-04-13,44,75.98,9.98,44
2025-04-14,38,77.72,10.28,38
2025-04-15,41,71.64,9.18,41
2025-04-16,45,73.02,9.82,45
2025-04-17,39,71.74,8.94,39
2025-04-18,46,79.92,11.26,46
2025-04-19,46,85.76,10.84,46
2025-04-20,47,79.36,10.36,47
2025-04-21,48,80.02,9.98,48
2025-04-22,61,67.26,9.6,61
2025-04-23,40,72.62,10.16,40
2025-04-24,60,77.92,9.8,60
2025-04-25,40,76.42,9.5,40
2025-04-26,44,75.74,9.72,44
2025-04-27,46,71.5,9.54,46
2025-04-28,57,72.52,9.92,57
2025-04-29,46,75.34,10.42,46
2025-04-30,54,71.72,9.46,54
2025-05-01,55,80.38,10.2,55
2025-05-02,41,77.44,10.3,41
2025-05-03,41,76.96,10.48,41
2025-05-04,37,75.78,9.74,37
2025-05-05,57,78.42,10.44,57
2025-05-06,52,81.48,10.32,52
2025-05-07,50,81.52,10.38,50
2025-05-08,47,82.5,10.96,47
2025-05-09,32,76.44,10.08,32
2025-05-10,52,80.16,10.46,52
2025-05-11,39,81.72,10.6,39
2025-05-12,45,84.28,11.02,45
2025-05-13,59,82.26,10.8,59
2025-05-14,40,72.58,9.3,40
2025-05-15,40,76.52,10.16,40
2025-05-16,41,74.86,9.7,41
2025-05-17,43,68.5,9.42,43
2025-05-18,36,76.14,10.36,36
2025-05-19,48,78.3,10.12,48
2025-05-20,39,77.72,10.44,39
2025-05-21,49,79.68,10.26,49
2025-05-22,37,77.9,10.24,37
2025-05-23,46,74.56,10.04,46
2025-05-24,45,83.48,11.38,45
2025-05-25,49,75.96,9.94,49
2025-05-26,45,76.38,9.96,45
2025-05-27,38,80.62,11.4,38
2025-05-28,33,77.24,10.66,33
2025-05-29,43,78.02,10.08,43
2025-05-30,52,80.7,10.7,52
2025-05-31,50,76.58,9.8,50
2025-06-01,47,80.06,10.36,47
2025-06-02,44,77.54,10.36,44
2025-06-03,51,79.4,10.32,51
2025-06-04,52,75.34,10.18,52
2025-06-05,40,78.34,10.46,40
2025-06-06,39,79.52,10.16,39
2025-06-07,42,83.46,10.94,42
2025-06-08,46,72.74,10.02,46
2025-06-09,46,80.62,10.42,46
2025-06-10,34,79.14,10.26,34
2025-06-11,52,81.22,10.42,52
2025-06-12,49,75.58,10.16,49
2025-06-13,56,74.98,9.46,56
2025-06-14,46,78.18,9.86,46
2025-06-15,52,77.12,9.72,52
2025-06-16,57,77.88,10.34,57
2025-06-17,57,73.5,9.3,57
2025-06-18,45,78.58,10.54,45
2025-06-19,40,76.1,10.46,40
2025-06-20,43,74.48,9.72,43
2025-06-21,46,78.88,9.6,46
2025-06-22,42,71.62,9.34,42
2025-06-23,59,75.6,9.38,59
2025-06-24,41,84.3,10.94,41
2025-06-25,41,76.32,10.2,41
2025-06-26,44,92.0,11.88,44
2025-06-27,48,74.4,9.58,48
2025-06-28,47,77.46,10.1,47
2025-06-29,54,75.54,9.44,54
2025-06-30,40,74.88,9.88,40
2025-07-01,49,77.06,10.28,49
2025-07-02,44,78.36,10.7,44
2025-07-03,35,72.58,9.6,35
2025-07-04,44,83.34,10.22,44
2025-07-05,49,74.66,10.08,49
2025-07-06,50,76.9,10.26,50
2025-07-07,30,83.8,10.92,30
2025-07-08,47,70.78,8.86,47
2025-07-09,46,85.9,10.7,46
2025-07-10,55,82.14,10.72,55
2025-07-11,35,76.06,10.32,35
2025-07-12,47,81.1,9.98,47
2025-07-13,52,73.7,10.28,52
2025-07-14,48,82.46,10.74,48
2025-07-15,43,74.9,9.76,43
2025-07-16,51,75.3,9.94,51
2025-07-17,53,80.94,10.24,53
2025-07-18,48,76.88,10.06,48
2025-07-19,54,70.22,9.56,54
2025-07-20,37,75.12,9.4,37
2025-07-21,50,78.9,10.32,50
2025-07-22,47,80.48,10.52,47
2025-07-23,58,79.58,10.52,58
2025-07-24,46,76.9,10.64,46
2025-07-25,50,83.12,11.3,50
2025-07-26,50,74.16,9.62,50
2025-07-27,41,78.76,9.78,41
2025-07-28,44,76.76,10.72,44
2025-07-29,48,76.78,9.76,48
2025-07-30,45,83.86,10.9,45
2025-07-31,43,76.46,9.9,43
2025-08-01,47,76.46,9.9,47
2025-08-02,48,78.42,10.66,48
2025-08-03,53,83.88,11.04,53
2025-08-04,44,71.88,9.82,44
2025-08-05,50,82.7,10.58,50
2025-08-06,46,79.68,9.46,46
2025-08-07,41,77.86,10.24,41
2025-08-08,44,75.1,9.78,44
2025-08-09,52,74.92,9.46,52
2025-08-10,49,80.44,10.34,49
2025-08-11,54,78.62,9.9,54
2025-08-12,55,77.44,10.38,55
2025-08-13,45,72.72,9.1,45
2025-08-14,30,75.24,9.86,30
2025-08-15,35,75.88,10.02,35
2025-08-16,47,72.32,8.96,47
2025-08-17,32,79.16,9.82,32
2025-08-18,41,79.5,10.7,41
2025-08-19,47,73.4,9.76,47
2025-08-20,52,80.06,10.82,52
2025-08-21,55,77.2,10.16,55
2025-08-22,31,82.06,10.58,31
2025-08-23,43,82.2,10.7,43
2025-08-24,32,72.3,9.88,32
2025-08-25,38,73.76,9.64,38
2025-08-26,57,79.18,10.58,57
2025-08-27,47,79.6,9.8,47
2025-08-28,33,76.62,10.36,33
2025-08-29,45,79.82,10.12,45
2025-08-30,40,80.32,10.28,40
2025-08-31,37,71.36,10.0,37
2025-09-01,51,76.32,9.62,51
2025-09-02,50,77.16,9.8,50
2025-09-03,45,82.66,11.22,45
2025-09-04,49,75.52,9.64,49
2025-09-05,44,76.76,10.5,44
2025-09-06,52,73.08,9.34,52
2025-09-07,50,73.78,9.68,50
2025-09-08,46,75.88,9.72,46
2025-09-09,36,76.34,9.32,36
2025-09-10,51,76.9,10.14,51
2025-09-11,47,74.7,9.62,47
2025-09-12,46,76.18,9.84,46
2025-09-13,60,79.82,10.32,60
2025-09-14,53,81.24,10.7,53
2025-09-15,46,75.76,10.08,46
2025-09-16,54,79.88,9.54,54
2025-09-17,50,85.66,11.18,50
2025-09-18,47,84.66,10.48,47
2025-09-19,53,82.34,10.88,53
2025-09-20,39,74.82,9.84,39
2025-09-21,53,83.28,10.5,53
2025-09-22,41,75.26,9.42,41
2025-09-23,52,75.86,10.8,52
2025-09-24,50,72.18,9.54,50
2025-09-25,41,79.32,10.14,41
2025-09-26,47,81.96,9.98,47
2025-09-27,50,77.86,10.1,50
2025-09-28,44,80.6,10.14,44
2025-09-29,40,80.88,10.38,40
2025-09-30,41,75.48,9.78,41
2025-10-01,56,75.26,9.5,56
2025-10-02,37,81.4,10.06,37
2025-10-03,36,74.8,10.32,36
2025-10-04,50,82.0,10.6,50
2025-10-05,37,76.56,10.06,37
2025-10-06,59,75.76,9.48,59
2025-10-07,41,74.48,9.48,41
2025-10-08,41,81.66,10.5,41
2025-10-09,47,77.92,9.58,47
2025-10-10,51,74.28,9.72,51
2025-10-11,51,74.12,9.32,51
2025-10-12,49,76.72,9.96,49
2025-10-13,49,77.52,10.14,49
2025-10-14,43,77.58,10.3,43
2025-10-15,37,82.34,10.18,37
2025-10-16,53,74.82,9.5,53
2025-10-17,41,72.7,9.96,41
2025-10-18,45,77.66,9.44,45
2025-10-19,49,77.22,9.38,49
2025-10-20,50,81.34,10.38,50
2025-10-21,49,74.48,10.16,49
2025-10-22,40,79.52,10.56,40
2025-10-23,41,76.84,9.18,41
2025-10-24,50,75.4,10.24,50
2025-10-25,54,79.72,10.4,54
2025-10-26,53,82.46,10.4,53
2025-10-27,41,80.06,10.4,41
2025-10-28,50,81.54,10.34,50
2025-10-29,50,77.82,10.76,50
2025-10-30,47,80.5,10.54,47
2025-10-31,51,84.76,11.5,51
2025-11-01,30,74.58,9.7,30
2025-11-02,44,78.84,10.38,44
2025-11-03,52,71.86,8.98,52
2025-11-04,47,77.3,9.28,47
2025-11-05,46,74.06,9.74,46
2025-11-06,51,73.96,9.86,51
2025-11-07,51,79.04,10.14,51
2025-11-08,59,74.06,9.5,59
2025-11-09,44,74.6,10.28,44
2025-11-10,40,71.98,9.0,40
2025-11-11,38,77.14,9.92,38
2025-11-12,52,75.4,10.28,52
2025-11-13,48,74.82,9.54,48
2025-11-14,44,74.02,9.3,44
2025-11-15,41,79.76,10.08,41
2025-11-16,50,74.48,9.76,50
2025-11-17,40,79.74,10.14,40
2025-11-18,43,79.66,10.82,43
2025-11-19,46,78.34,9.94,46
2025-11-20,40,81.6,11.0,40
2025-11-21,45,76.22,10.26,45
2025-11-22,48,81.16,10.64,48
2025-11-23,53,77.96,9.84,53
2025-11-24,38,73.8,9.92,38
2025-11-25,41,79.22,10.8,41
2025-11-26,50,75.78,9.46,50
2025-11-27,40,74.86,10.42,40
2025-11-28,34,80.48,10.2,34
2025-11-29,46,79.96,10.38,46
2025-11-30,44,81.5,10.16,44
2025-12-01,52,74.3,9.48,52
2025-12-02,45,83.56,10.76,45
2025-12-03,48,76.86,10.24,48
2025-12-04,35,72.18,9.32,35
2025-12-05,47,81.44,9.96,47
2025-12-06,42,74.64,10.1,42
2025-12-07,40,81.76,11.04,40
2025-12-08,47,77.02,10.04,47
2025-12-09,52,77.4,10.68,52
2025-12-10,44,81.44,10.62,44
2025-12-11,42,80.58,10.58,42
2025-12-12,42,78.1,10.56,42
2025-12-13,48,79.76,10.3,48
2025-12-14,51,68.86,9.64,51
2025-12-15,51,78.68,10.54,51
2025-12-16,43,82.7,10.74,43
2025-12-17,46,71.58,9.08,46
2025-12-18,52,80.86,10.44,52
2025-12-19,42,80.1,9.44,42
2025-12-20,46,73.14,9.48,46
2025-12-21,48,77.44,10.36,48
2025-12-22,46,80.38,10.38,46
2025-12-23,53,84.86,10.6,53
2025-12-24,52,87.2,11.48,52
2025-12-25,59,78.04,10.44,59
2025-12-26,54,71.6,9.92,54
2025-12-27,45,78.66,10.58,45
2025-12-28,50,78.82,10.5,50
2025-12-29,60,74.3,9.96,60
2025-12-30,51,75.08,9.84,51
2025-12-31,40,73.92,9.3,40
